CREATE DATABASE IF NOT EXISTS thoang_vn
  CHARACTER SET utf8mb4
  COLLATE utf8mb4_unicode_ci;

SET NAMES utf8mb4;

USE thoang_vn;

START TRANSACTION;

SET FOREIGN_KEY_CHECKS = 0;

DROP TABLE IF EXISTS comments;
DROP TABLE IF EXISTS bookmarks;
DROP TABLE IF EXISTS feedback;
DROP TABLE IF EXISTS articles;
DROP TABLE IF EXISTS categories;
DROP TABLE IF EXISTS about_sections;
DROP TABLE IF EXISTS users;

SET FOREIGN_KEY_CHECKS = 1;

CREATE TABLE users (
  id INT AUTO_INCREMENT PRIMARY KEY,
  username VARCHAR(50) NOT NULL UNIQUE,
  email VARCHAR(100) NOT NULL UNIQUE,
  password VARCHAR(255) NOT NULL,
  full_name VARCHAR(100) DEFAULT '',
  role ENUM('admin','writer','user') DEFAULT 'user',
  is_verified TINYINT(1) NOT NULL DEFAULT 0,
  verify_token VARCHAR(255) DEFAULT NULL,
  reset_token VARCHAR(255) DEFAULT NULL,
  reset_expires DATETIME DEFAULT NULL,
  created_at TIMESTAMP DEFAULT CURRENT_TIMESTAMP
) ENGINE=InnoDB DEFAULT CHARSET=utf8mb4 COLLATE=utf8mb4_unicode_ci;

CREATE TABLE categories (
  id INT AUTO_INCREMENT PRIMARY KEY,
  name VARCHAR(100) NOT NULL,
  slug VARCHAR(100) NOT NULL UNIQUE,
  parent_id INT NULL,
  sort_order INT NOT NULL DEFAULT 0,
  is_active TINYINT(1) NOT NULL DEFAULT 1,
  color_bg VARCHAR(20) DEFAULT '#EEEDFE',
  color_text VARCHAR(20) DEFAULT '#534AB7',
  KEY idx_categories_parent (parent_id),
  KEY idx_categories_active_order (is_active, sort_order),
  CONSTRAINT fk_categories_parent
    FOREIGN KEY (parent_id) REFERENCES categories(id)
    ON DELETE SET NULL ON UPDATE CASCADE
) ENGINE=InnoDB DEFAULT CHARSET=utf8mb4 COLLATE=utf8mb4_unicode_ci;

CREATE TABLE articles (
  id INT AUTO_INCREMENT PRIMARY KEY,
  title VARCHAR(255) NOT NULL,
  summary TEXT NOT NULL,
  content LONGTEXT DEFAULT NULL,
  category_id INT NOT NULL,
  author_id INT NULL,
  source VARCHAR(100) DEFAULT NULL,
  tags VARCHAR(255) DEFAULT NULL,
  image_url VARCHAR(500) DEFAULT NULL,
  status VARCHAR(50) NOT NULL DEFAULT 'request',
  view_count INT DEFAULT 0,
  created_at TIMESTAMP NOT NULL DEFAULT CURRENT_TIMESTAMP,
  updated_at TIMESTAMP NOT NULL DEFAULT CURRENT_TIMESTAMP ON UPDATE CURRENT_TIMESTAMP,
  published_at TIMESTAMP NULL DEFAULT NULL,
  KEY idx_articles_category (category_id),
  KEY idx_articles_author_status (author_id, status),
  CONSTRAINT fk_articles_categories
    FOREIGN KEY (category_id) REFERENCES categories(id)
    ON DELETE RESTRICT ON UPDATE CASCADE,
  CONSTRAINT fk_articles_author
    FOREIGN KEY (author_id) REFERENCES users(id)
    ON DELETE SET NULL ON UPDATE CASCADE
) ENGINE=InnoDB DEFAULT CHARSET=utf8mb4 COLLATE=utf8mb4_unicode_ci;

CREATE TABLE comments (
  id INT AUTO_INCREMENT PRIMARY KEY,
  article_id INT NOT NULL,
  user_id INT NOT NULL,
  content TEXT NOT NULL,
  created_at TIMESTAMP NOT NULL DEFAULT CURRENT_TIMESTAMP,
  KEY idx_comments_article (article_id, created_at),
  KEY idx_comments_user (user_id),
  CONSTRAINT fk_comments_articles
    FOREIGN KEY (article_id) REFERENCES articles(id)
    ON DELETE CASCADE ON UPDATE CASCADE,
  CONSTRAINT fk_comments_users
    FOREIGN KEY (user_id) REFERENCES users(id)
    ON DELETE CASCADE ON UPDATE CASCADE
) ENGINE=InnoDB DEFAULT CHARSET=utf8mb4 COLLATE=utf8mb4_unicode_ci;

CREATE TABLE bookmarks (
  id INT AUTO_INCREMENT PRIMARY KEY,
  article_id INT NOT NULL,
  session_id VARCHAR(255) NOT NULL,
  user_id INT NULL,
  created_at TIMESTAMP NOT NULL DEFAULT CURRENT_TIMESTAMP,
  UNIQUE KEY uk_session_article (session_id, article_id),
  KEY idx_bookmarks_article (article_id),
  CONSTRAINT fk_bookmarks_articles
    FOREIGN KEY (article_id) REFERENCES articles(id)
    ON DELETE CASCADE ON UPDATE CASCADE,
  CONSTRAINT fk_bookmarks_users
    FOREIGN KEY (user_id) REFERENCES users(id)
    ON DELETE CASCADE ON UPDATE CASCADE
) ENGINE=InnoDB DEFAULT CHARSET=utf8mb4 COLLATE=utf8mb4_unicode_ci;

CREATE TABLE feedback (
  id INT AUTO_INCREMENT PRIMARY KEY,
  user_id INT NULL,
  sender_email VARCHAR(100) NOT NULL,
  subject VARCHAR(200) NOT NULL,
  message TEXT NOT NULL,
  status ENUM('pending','replied','done') DEFAULT 'pending',
  admin_reply TEXT DEFAULT NULL,
  created_at TIMESTAMP NOT NULL DEFAULT CURRENT_TIMESTAMP,
  replied_at TIMESTAMP NULL DEFAULT NULL,
  KEY idx_feedback_user (user_id),
  CONSTRAINT fk_feedback_users
    FOREIGN KEY (user_id) REFERENCES users(id)
    ON DELETE SET NULL ON UPDATE CASCADE
) ENGINE=InnoDB DEFAULT CHARSET=utf8mb4 COLLATE=utf8mb4_unicode_ci;

CREATE TABLE about_sections (
  id INT AUTO_INCREMENT PRIMARY KEY,
  section_key VARCHAR(50) NOT NULL UNIQUE,
  section_data LONGTEXT NOT NULL,
  updated_at TIMESTAMP DEFAULT CURRENT_TIMESTAMP ON UPDATE CURRENT_TIMESTAMP,
  updated_by INT NULL,
  KEY idx_about_updated_by (updated_by),
  CONSTRAINT fk_about_users
    FOREIGN KEY (updated_by) REFERENCES users(id)
    ON DELETE SET NULL ON UPDATE CASCADE
) ENGINE=InnoDB DEFAULT CHARSET=utf8mb4 COLLATE=utf8mb4_unicode_ci;

INSERT INTO users (id, username, email, password, full_name, role, is_verified, verify_token, reset_token, reset_expires) VALUES
(1, 'admin123', 'admin@thoang.vn', '$2y$10$Jop12xzbuAPxGhyldwVDgeJmTBx4ZGQsGIdgbhEDGIHrgFVMgx1lW', 'Quản trị viên', 'admin', 1, NULL, NULL, NULL),
(2, 'writer01', 'writer@thoang.vn', '$2y$10$Jop12xzbuAPxGhyldwVDgeJmTBx4ZGQsGIdgbhEDGIHrgFVMgx1lW', 'Minh Anh - Ban biên tập', 'writer', 1, NULL, NULL, NULL),
(3, 'writer02', 'writer2@thoang.vn', '$2y$10$Jop12xzbuAPxGhyldwVDgeJmTBx4ZGQsGIdgbhEDGIHrgFVMgx1lW', 'Hoàng Nam - Phóng viên', 'writer', 1, NULL, NULL, NULL),
(4, 'user01', 'user@thoang.vn', '$2y$10$Jop12xzbuAPxGhyldwVDgeJmTBx4ZGQsGIdgbhEDGIHrgFVMgx1lW', 'Người đọc mẫu', 'user', 1, NULL, NULL, NULL),
(5, 'user02', 'reader@thoang.vn', '$2y$10$Jop12xzbuAPxGhyldwVDgeJmTBx4ZGQsGIdgbhEDGIHrgFVMgx1lW', 'Bạn đọc Thoáng.vn', 'user', 1, NULL, NULL, NULL);

ALTER TABLE users AUTO_INCREMENT = 6;

INSERT INTO categories (id, name, slug, parent_id, sort_order, is_active, color_bg, color_text) VALUES
(1, 'Chính trị', 'politics', NULL, 1, 1, '#EAF1FF', '#2f5fa8'),
(2, 'Thế giới', 'world', NULL, 2, 1, '#D1ECF1', '#0c5460'),
(3, 'Kinh tế', 'biz', NULL, 3, 1, '#FFF3CD', '#856404'),
(4, 'Thể thao', 'sport', NULL, 4, 1, '#F8D7DA', '#721c24'),
(5, 'Công nghệ', 'tech', NULL, 5, 1, '#EEEDFE', '#534AB7'),
(6, 'Đời sống', 'life', NULL, 6, 1, '#D4EDDA', '#155724'),
(7, 'Giáo dục', 'edu', NULL, 7, 1, '#E2E3E5', '#383d41'),
(8, 'Văn hóa', 'culture', NULL, 8, 1, '#FDECEF', '#9f1239'),
(9, 'Sức khỏe', 'health', NULL, 9, 1, '#DCFCE7', '#166534'),
(10, 'Du lịch', 'travel', NULL, 10, 1, '#E0F2FE', '#075985'),
(11, 'Khác', 'other', NULL, 11, 1, '#E5E7EB', '#374151'),
(12, 'Sự kiện', 'su-kien', 1, 1, 1, '#EAF1FF', '#2f5fa8'),
(13, 'Xây dựng Đảng', 'xay-dung-dang', 1, 2, 1, '#EAF1FF', '#2f5fa8'),
(14, 'Đối ngoại', 'doi-ngoai', 1, 3, 1, '#EAF1FF', '#2f5fa8'),
(15, 'Quốc phòng', 'quoc-phong', 1, 4, 1, '#EAF1FF', '#2f5fa8'),
(16, 'Châu Á', 'chau-a', 2, 1, 1, '#D1ECF1', '#0c5460'),
(17, 'Châu Âu', 'chau-au', 2, 2, 1, '#D1ECF1', '#0c5460'),
(18, 'Châu Mỹ', 'chau-my', 2, 3, 1, '#D1ECF1', '#0c5460'),
(19, 'Tài chính', 'tai-chinh', 3, 1, 1, '#FFF3CD', '#856404'),
(20, 'Doanh nghiệp', 'doanh-nghiep', 3, 2, 1, '#FFF3CD', '#856404'),
(21, 'Thị trường', 'thi-truong', 3, 3, 1, '#FFF3CD', '#856404'),
(22, 'Bóng đá', 'bong-da', 4, 1, 1, '#F8D7DA', '#721c24'),
(23, 'Chạy bộ', 'chay-bo', 4, 2, 1, '#F8D7DA', '#721c24'),
(24, 'Thể thao quốc tế', 'the-thao-quoc-te', 4, 3, 1, '#F8D7DA', '#721c24'),
(25, 'AI', 'ai', 5, 1, 1, '#EEEDFE', '#534AB7'),
(26, 'Thiết bị số', 'thiet-bi-so', 5, 2, 1, '#EEEDFE', '#534AB7'),
(27, 'An toàn thông tin', 'an-toan-thong-tin', 5, 3, 1, '#EEEDFE', '#534AB7'),
(28, 'Gia đình', 'gia-dinh', 6, 1, 1, '#D4EDDA', '#155724'),
(29, 'Đô thị', 'do-thi', 6, 2, 1, '#D4EDDA', '#155724'),
(30, 'Làm đẹp', 'lam-dep', 6, 3, 1, '#D4EDDA', '#155724'),
(31, 'Tuyển sinh', 'tuyen-sinh', 7, 1, 1, '#E2E3E5', '#383d41'),
(32, 'Kỹ năng', 'ky-nang', 7, 2, 1, '#E2E3E5', '#383d41'),
(33, 'Học đường', 'hoc-duong', 7, 3, 1, '#E2E3E5', '#383d41'),
(34, 'Điện ảnh', 'dien-anh', 8, 1, 1, '#FDECEF', '#9f1239'),
(35, 'Sách', 'sach', 8, 2, 1, '#FDECEF', '#9f1239'),
(36, 'Âm nhạc', 'am-nhac', 8, 3, 1, '#FDECEF', '#9f1239'),
(37, 'Dinh dưỡng', 'dinh-duong', 9, 1, 1, '#DCFCE7', '#166534'),
(38, 'Y tế số', 'y-te-so', 9, 2, 1, '#DCFCE7', '#166534'),
(39, 'Tập luyện', 'tap-luyen', 9, 3, 1, '#DCFCE7', '#166534'),
(40, 'Trong nước', 'du-lich-trong-nuoc', 10, 1, 1, '#E0F2FE', '#075985'),
(41, 'Quốc tế', 'du-lich-quoc-te', 10, 2, 1, '#E0F2FE', '#075985'),
(42, 'Ẩm thực', 'am-thuc', 10, 3, 1, '#E0F2FE', '#075985');

ALTER TABLE categories AUTO_INCREMENT = 43;

INSERT INTO articles
  (id, title, summary, content, category_id, author_id, source, tags, image_url, status, view_count, created_at, updated_at, published_at)
VALUES
(1, 'Hội nghị chuyển đổi số địa phương đặt mục tiêu liên thông dữ liệu công', 'Các địa phương ưu tiên kết nối dữ liệu dân cư, thủ tục hành chính và dịch vụ công để giảm thời gian xử lý hồ sơ.', '<p>Bài viết ghi nhận một chuyển động đáng chú ý trong lĩnh vực liên quan, với tác động trực tiếp đến người dân, doanh nghiệp hoặc cộng đồng sử dụng dịch vụ.</p><p>Điểm chung của xu hướng này là nhu cầu ra quyết định dựa trên thông tin rõ ràng hơn. Các bên tham gia không chỉ quan tâm kết quả trước mắt mà còn nhìn vào tính bền vững trong dài hạn.</p><figure class="article-inline-image"><img src="https://images.unsplash.com/photo-1497366754035-f200968a6e72?auto=format&fit=crop&w=1200&q=80" alt="Phòng họp hiện đại với màn hình trình chiếu" loading="lazy"><figcaption>Hình ảnh minh họa được chọn theo đúng chủ đề của bài viết.</figcaption></figure><p>Theo các chuyên gia, yếu tố quan trọng nằm ở cách triển khai cụ thể: dữ liệu cần minh bạch, nguồn lực cần được phân bổ hợp lý và người dùng cuối phải được đặt ở trung tâm.</p><p>Trong thời gian tới, câu chuyện này sẽ còn tiếp tục được theo dõi khi chính sách, thị trường và thói quen người dùng thay đổi. Những mô hình làm tốt có thể trở thành kinh nghiệm cho các đơn vị khác.</p>', 12, 3, 'Thoáng.vn', 'Chính quyền số, Dữ liệu công, Dịch vụ công', 'https://images.unsplash.com/photo-1497366754035-f200968a6e72?auto=format&fit=crop&w=1200&q=80', 'Approved', 111, NOW() - INTERVAL 50 DAY, NOW() - INTERVAL 50 DAY, NOW() - INTERVAL 50 DAY),
(2, 'Đợt sinh hoạt chuyên đề nhấn mạnh trách nhiệm nêu gương của cán bộ trẻ', 'Các chi bộ cơ sở tập trung thảo luận về kỷ luật công vụ, đạo đức nghề nghiệp và tinh thần phục vụ người dân.', '<p>Bài viết ghi nhận một chuyển động đáng chú ý trong lĩnh vực liên quan, với tác động trực tiếp đến người dân, doanh nghiệp hoặc cộng đồng sử dụng dịch vụ.</p><p>Điểm chung của xu hướng này là nhu cầu ra quyết định dựa trên thông tin rõ ràng hơn. Các bên tham gia không chỉ quan tâm kết quả trước mắt mà còn nhìn vào tính bền vững trong dài hạn.</p><figure class="article-inline-image"><img src="https://images.unsplash.com/photo-1517048676732-d65bc937f952?auto=format&fit=crop&w=1200&q=80" alt="Nhóm người thảo luận trong phòng họp" loading="lazy"><figcaption>Hình ảnh minh họa được chọn theo đúng chủ đề của bài viết.</figcaption></figure><p>Theo các chuyên gia, yếu tố quan trọng nằm ở cách triển khai cụ thể: dữ liệu cần minh bạch, nguồn lực cần được phân bổ hợp lý và người dùng cuối phải được đặt ở trung tâm.</p><p>Trong thời gian tới, câu chuyện này sẽ còn tiếp tục được theo dõi khi chính sách, thị trường và thói quen người dùng thay đổi. Những mô hình làm tốt có thể trở thành kinh nghiệm cho các đơn vị khác.</p>', 13, 2, 'Thoáng.vn', 'Xây dựng Đảng, Cán bộ trẻ, Công vụ', 'https://images.unsplash.com/photo-1517048676732-d65bc937f952?auto=format&fit=crop&w=1200&q=80', 'Approved', 128, NOW() - INTERVAL 49 DAY, NOW() - INTERVAL 49 DAY, NOW() - INTERVAL 49 DAY),
(3, 'Ngoại giao kinh tế mở thêm cơ hội cho doanh nghiệp xuất khẩu xanh', 'Các chương trình kết nối thị trường giúp doanh nghiệp nắm yêu cầu mới về tiêu chuẩn môi trường và chuỗi cung ứng.', '<p>Bài viết ghi nhận một chuyển động đáng chú ý trong lĩnh vực liên quan, với tác động trực tiếp đến người dân, doanh nghiệp hoặc cộng đồng sử dụng dịch vụ.</p><p>Điểm chung của xu hướng này là nhu cầu ra quyết định dựa trên thông tin rõ ràng hơn. Các bên tham gia không chỉ quan tâm kết quả trước mắt mà còn nhìn vào tính bền vững trong dài hạn.</p><figure class="article-inline-image"><img src="https://images.unsplash.com/photo-1521791136064-7986c2920216?auto=format&fit=crop&w=1200&q=80" alt="Đại diện doanh nghiệp bắt tay trong cuộc gặp quốc tế" loading="lazy"><figcaption>Hình ảnh minh họa được chọn theo đúng chủ đề của bài viết.</figcaption></figure><p>Theo các chuyên gia, yếu tố quan trọng nằm ở cách triển khai cụ thể: dữ liệu cần minh bạch, nguồn lực cần được phân bổ hợp lý và người dùng cuối phải được đặt ở trung tâm.</p><p>Trong thời gian tới, câu chuyện này sẽ còn tiếp tục được theo dõi khi chính sách, thị trường và thói quen người dùng thay đổi. Những mô hình làm tốt có thể trở thành kinh nghiệm cho các đơn vị khác.</p>', 14, 2, 'Thoáng.vn', 'Đối ngoại, Xuất khẩu, Kinh tế xanh', 'https://images.unsplash.com/photo-1521791136064-7986c2920216?auto=format&fit=crop&w=1200&q=80', 'Approved', 145, NOW() - INTERVAL 48 DAY, NOW() - INTERVAL 48 DAY, NOW() - INTERVAL 48 DAY),
(4, 'Diễn tập cứu hộ trên biển tăng khả năng phối hợp trong tình huống khẩn cấp', 'Lực lượng chức năng rèn quy trình liên lạc, tiếp cận tàu gặp nạn và sơ cứu người bị thương trên biển.', '<p>Bài viết ghi nhận một chuyển động đáng chú ý trong lĩnh vực liên quan, với tác động trực tiếp đến người dân, doanh nghiệp hoặc cộng đồng sử dụng dịch vụ.</p><p>Điểm chung của xu hướng này là nhu cầu ra quyết định dựa trên thông tin rõ ràng hơn. Các bên tham gia không chỉ quan tâm kết quả trước mắt mà còn nhìn vào tính bền vững trong dài hạn.</p><figure class="article-inline-image"><img src="https://images.unsplash.com/photo-1500530855697-b586d89ba3ee?auto=format&fit=crop&w=1200&q=80" alt="Tàu di chuyển trên mặt nước trong điều kiện sáng rõ" loading="lazy"><figcaption>Hình ảnh minh họa được chọn theo đúng chủ đề của bài viết.</figcaption></figure><p>Theo các chuyên gia, yếu tố quan trọng nằm ở cách triển khai cụ thể: dữ liệu cần minh bạch, nguồn lực cần được phân bổ hợp lý và người dùng cuối phải được đặt ở trung tâm.</p><p>Trong thời gian tới, câu chuyện này sẽ còn tiếp tục được theo dõi khi chính sách, thị trường và thói quen người dùng thay đổi. Những mô hình làm tốt có thể trở thành kinh nghiệm cho các đơn vị khác.</p>', 15, 3, 'Thoáng.vn', 'Quốc phòng, Cứu hộ, Biển đảo', 'https://images.unsplash.com/photo-1500530855697-b586d89ba3ee?auto=format&fit=crop&w=1200&q=80', 'Approved', 162, NOW() - INTERVAL 47 DAY, NOW() - INTERVAL 47 DAY, NOW() - INTERVAL 47 DAY),
(5, 'Chuỗi cung ứng bán dẫn châu Á dịch chuyển theo hướng đa trung tâm', 'Nhiều nền kinh tế trong khu vực đầu tư mạnh vào đào tạo kỹ sư, hạ tầng khu công nghiệp và chính sách thu hút nhà sản xuất.', '<p>Bài viết ghi nhận một chuyển động đáng chú ý trong lĩnh vực liên quan, với tác động trực tiếp đến người dân, doanh nghiệp hoặc cộng đồng sử dụng dịch vụ.</p><p>Điểm chung của xu hướng này là nhu cầu ra quyết định dựa trên thông tin rõ ràng hơn. Các bên tham gia không chỉ quan tâm kết quả trước mắt mà còn nhìn vào tính bền vững trong dài hạn.</p><figure class="article-inline-image"><img src="https://images.unsplash.com/photo-1518770660439-4636190af475?auto=format&fit=crop&w=1200&q=80" alt="Bo mạch điện tử cận cảnh" loading="lazy"><figcaption>Hình ảnh minh họa được chọn theo đúng chủ đề của bài viết.</figcaption></figure><p>Theo các chuyên gia, yếu tố quan trọng nằm ở cách triển khai cụ thể: dữ liệu cần minh bạch, nguồn lực cần được phân bổ hợp lý và người dùng cuối phải được đặt ở trung tâm.</p><p>Trong thời gian tới, câu chuyện này sẽ còn tiếp tục được theo dõi khi chính sách, thị trường và thói quen người dùng thay đổi. Những mô hình làm tốt có thể trở thành kinh nghiệm cho các đơn vị khác.</p>', 16, 2, 'Thoáng.vn', 'Châu Á, Bán dẫn, Chuỗi cung ứng', 'https://images.unsplash.com/photo-1518770660439-4636190af475?auto=format&fit=crop&w=1200&q=80', 'Approved', 179, NOW() - INTERVAL 46 DAY, NOW() - INTERVAL 46 DAY, NOW() - INTERVAL 46 DAY),
(6, 'Các thành phố châu Âu mở rộng vùng giao thông phát thải thấp', 'Chính sách hạn chế xe phát thải cao đi kèm đầu tư xe buýt điện, làn xe đạp và hạ tầng đi bộ an toàn.', '<p>Bài viết ghi nhận một chuyển động đáng chú ý trong lĩnh vực liên quan, với tác động trực tiếp đến người dân, doanh nghiệp hoặc cộng đồng sử dụng dịch vụ.</p><p>Điểm chung của xu hướng này là nhu cầu ra quyết định dựa trên thông tin rõ ràng hơn. Các bên tham gia không chỉ quan tâm kết quả trước mắt mà còn nhìn vào tính bền vững trong dài hạn.</p><figure class="article-inline-image"><img src="https://images.unsplash.com/photo-1500530855697-b586d89ba3ee?auto=format&fit=crop&w=1200&q=80" alt="Đường phố đô thị nhiều cây xanh" loading="lazy"><figcaption>Hình ảnh minh họa được chọn theo đúng chủ đề của bài viết.</figcaption></figure><p>Theo các chuyên gia, yếu tố quan trọng nằm ở cách triển khai cụ thể: dữ liệu cần minh bạch, nguồn lực cần được phân bổ hợp lý và người dùng cuối phải được đặt ở trung tâm.</p><p>Trong thời gian tới, câu chuyện này sẽ còn tiếp tục được theo dõi khi chính sách, thị trường và thói quen người dùng thay đổi. Những mô hình làm tốt có thể trở thành kinh nghiệm cho các đơn vị khác.</p>', 17, 2, 'Thoáng.vn', 'Châu Âu, Giao thông xanh, Đô thị', 'https://images.unsplash.com/photo-1500530855697-b586d89ba3ee?auto=format&fit=crop&w=1200&q=80', 'Approved', 196, NOW() - INTERVAL 45 DAY, NOW() - INTERVAL 45 DAY, NOW() - INTERVAL 45 DAY),
(7, 'Làn sóng đầu tư năng lượng sạch tại châu Mỹ tăng tốc', 'Các dự án điện gió, điện mặt trời và lưu trữ pin được thúc đẩy bởi nhu cầu giảm phụ thuộc vào nhiên liệu hóa thạch.', '<p>Bài viết ghi nhận một chuyển động đáng chú ý trong lĩnh vực liên quan, với tác động trực tiếp đến người dân, doanh nghiệp hoặc cộng đồng sử dụng dịch vụ.</p><p>Điểm chung của xu hướng này là nhu cầu ra quyết định dựa trên thông tin rõ ràng hơn. Các bên tham gia không chỉ quan tâm kết quả trước mắt mà còn nhìn vào tính bền vững trong dài hạn.</p><figure class="article-inline-image"><img src="https://images.unsplash.com/photo-1509391366360-2e959784a276?auto=format&fit=crop&w=1200&q=80" alt="Các tấm pin mặt trời dưới bầu trời xanh" loading="lazy"><figcaption>Hình ảnh minh họa được chọn theo đúng chủ đề của bài viết.</figcaption></figure><p>Theo các chuyên gia, yếu tố quan trọng nằm ở cách triển khai cụ thể: dữ liệu cần minh bạch, nguồn lực cần được phân bổ hợp lý và người dùng cuối phải được đặt ở trung tâm.</p><p>Trong thời gian tới, câu chuyện này sẽ còn tiếp tục được theo dõi khi chính sách, thị trường và thói quen người dùng thay đổi. Những mô hình làm tốt có thể trở thành kinh nghiệm cho các đơn vị khác.</p>', 18, 3, 'Thoáng.vn', 'Châu Mỹ, Năng lượng sạch, Đầu tư', 'https://images.unsplash.com/photo-1509391366360-2e959784a276?auto=format&fit=crop&w=1200&q=80', 'Approved', 213, NOW() - INTERVAL 44 DAY, NOW() - INTERVAL 44 DAY, NOW() - INTERVAL 44 DAY),
(8, 'Ngân hàng số cạnh tranh bằng trải nghiệm cá nhân hóa', 'Các ứng dụng tài chính tăng cường gợi ý chi tiêu, nhắc lịch thanh toán và cảnh báo rủi ro theo hành vi người dùng.', '<p>Bài viết ghi nhận một chuyển động đáng chú ý trong lĩnh vực liên quan, với tác động trực tiếp đến người dân, doanh nghiệp hoặc cộng đồng sử dụng dịch vụ.</p><p>Điểm chung của xu hướng này là nhu cầu ra quyết định dựa trên thông tin rõ ràng hơn. Các bên tham gia không chỉ quan tâm kết quả trước mắt mà còn nhìn vào tính bền vững trong dài hạn.</p><figure class="article-inline-image"><img src="https://images.unsplash.com/photo-1563013544-824ae1b704d3?auto=format&fit=crop&w=1200&q=80" alt="Người dùng thanh toán trên điện thoại" loading="lazy"><figcaption>Hình ảnh minh họa được chọn theo đúng chủ đề của bài viết.</figcaption></figure><p>Theo các chuyên gia, yếu tố quan trọng nằm ở cách triển khai cụ thể: dữ liệu cần minh bạch, nguồn lực cần được phân bổ hợp lý và người dùng cuối phải được đặt ở trung tâm.</p><p>Trong thời gian tới, câu chuyện này sẽ còn tiếp tục được theo dõi khi chính sách, thị trường và thói quen người dùng thay đổi. Những mô hình làm tốt có thể trở thành kinh nghiệm cho các đơn vị khác.</p>', 19, 2, 'Thoáng.vn', 'Ngân hàng số, Tài chính cá nhân, Fintech', 'https://images.unsplash.com/photo-1563013544-824ae1b704d3?auto=format&fit=crop&w=1200&q=80', 'Approved', 230, NOW() - INTERVAL 43 DAY, NOW() - INTERVAL 43 DAY, NOW() - INTERVAL 43 DAY),
(9, 'Doanh nghiệp nhỏ tận dụng thương mại điện tử để mở rộng thị trường', 'Các cửa hàng địa phương chuyển sang bán đa kênh, dùng dữ liệu đơn hàng để dự báo nhu cầu và tối ưu tồn kho.', '<p>Bài viết ghi nhận một chuyển động đáng chú ý trong lĩnh vực liên quan, với tác động trực tiếp đến người dân, doanh nghiệp hoặc cộng đồng sử dụng dịch vụ.</p><p>Điểm chung của xu hướng này là nhu cầu ra quyết định dựa trên thông tin rõ ràng hơn. Các bên tham gia không chỉ quan tâm kết quả trước mắt mà còn nhìn vào tính bền vững trong dài hạn.</p><figure class="article-inline-image"><img src="https://images.unsplash.com/photo-1556742049-0cfed4f6a45d?auto=format&fit=crop&w=1200&q=80" alt="Nhân viên đóng gói đơn hàng thương mại điện tử" loading="lazy"><figcaption>Hình ảnh minh họa được chọn theo đúng chủ đề của bài viết.</figcaption></figure><p>Theo các chuyên gia, yếu tố quan trọng nằm ở cách triển khai cụ thể: dữ liệu cần minh bạch, nguồn lực cần được phân bổ hợp lý và người dùng cuối phải được đặt ở trung tâm.</p><p>Trong thời gian tới, câu chuyện này sẽ còn tiếp tục được theo dõi khi chính sách, thị trường và thói quen người dùng thay đổi. Những mô hình làm tốt có thể trở thành kinh nghiệm cho các đơn vị khác.</p>', 20, 2, 'Thoáng.vn', 'Doanh nghiệp, Bán lẻ, Thương mại điện tử', 'https://images.unsplash.com/photo-1556742049-0cfed4f6a45d?auto=format&fit=crop&w=1200&q=80', 'Approved', 247, NOW() - INTERVAL 42 DAY, NOW() - INTERVAL 42 DAY, NOW() - INTERVAL 42 DAY),
(10, 'Giá nông sản tăng nhẹ khi đơn hàng cuối quý phục hồi', 'Một số mặt hàng xuất khẩu ghi nhận tín hiệu tích cực nhưng doanh nghiệp vẫn thận trọng với chi phí logistics.', '<p>Bài viết ghi nhận một chuyển động đáng chú ý trong lĩnh vực liên quan, với tác động trực tiếp đến người dân, doanh nghiệp hoặc cộng đồng sử dụng dịch vụ.</p><p>Điểm chung của xu hướng này là nhu cầu ra quyết định dựa trên thông tin rõ ràng hơn. Các bên tham gia không chỉ quan tâm kết quả trước mắt mà còn nhìn vào tính bền vững trong dài hạn.</p><figure class="article-inline-image"><img src="https://images.unsplash.com/photo-1500937386664-56d1dfef3854?auto=format&fit=crop&w=1200&q=80" alt="Cánh đồng nông nghiệp trong nắng sớm" loading="lazy"><figcaption>Hình ảnh minh họa được chọn theo đúng chủ đề của bài viết.</figcaption></figure><p>Theo các chuyên gia, yếu tố quan trọng nằm ở cách triển khai cụ thể: dữ liệu cần minh bạch, nguồn lực cần được phân bổ hợp lý và người dùng cuối phải được đặt ở trung tâm.</p><p>Trong thời gian tới, câu chuyện này sẽ còn tiếp tục được theo dõi khi chính sách, thị trường và thói quen người dùng thay đổi. Những mô hình làm tốt có thể trở thành kinh nghiệm cho các đơn vị khác.</p>', 21, 3, 'Thoáng.vn', 'Thị trường, Nông sản, Xuất khẩu', 'https://images.unsplash.com/photo-1500937386664-56d1dfef3854?auto=format&fit=crop&w=1200&q=80', 'Approved', 264, NOW() - INTERVAL 41 DAY, NOW() - INTERVAL 41 DAY, NOW() - INTERVAL 41 DAY),
(11, 'Đội tuyển trẻ tạo điểm nhấn bằng lối chơi pressing tốc độ cao', 'Ban huấn luyện trao cơ hội cho nhiều cầu thủ dưới 23 tuổi nhằm chuẩn bị chiều sâu lực lượng cho các giải đấu sắp tới.', '<p>Bài viết ghi nhận một chuyển động đáng chú ý trong lĩnh vực liên quan, với tác động trực tiếp đến người dân, doanh nghiệp hoặc cộng đồng sử dụng dịch vụ.</p><p>Điểm chung của xu hướng này là nhu cầu ra quyết định dựa trên thông tin rõ ràng hơn. Các bên tham gia không chỉ quan tâm kết quả trước mắt mà còn nhìn vào tính bền vững trong dài hạn.</p><figure class="article-inline-image"><img src="https://images.unsplash.com/photo-1574629810360-7efbbe195018?auto=format&fit=crop&w=1200&q=80" alt="Sân bóng đá trong ngày thi đấu" loading="lazy"><figcaption>Hình ảnh minh họa được chọn theo đúng chủ đề của bài viết.</figcaption></figure><p>Theo các chuyên gia, yếu tố quan trọng nằm ở cách triển khai cụ thể: dữ liệu cần minh bạch, nguồn lực cần được phân bổ hợp lý và người dùng cuối phải được đặt ở trung tâm.</p><p>Trong thời gian tới, câu chuyện này sẽ còn tiếp tục được theo dõi khi chính sách, thị trường và thói quen người dùng thay đổi. Những mô hình làm tốt có thể trở thành kinh nghiệm cho các đơn vị khác.</p>', 22, 2, 'Thoáng.vn', 'Bóng đá, Cầu thủ trẻ, Đội tuyển', 'https://images.unsplash.com/photo-1574629810360-7efbbe195018?auto=format&fit=crop&w=1200&q=80', 'Approved', 281, NOW() - INTERVAL 40 DAY, NOW() - INTERVAL 40 DAY, NOW() - INTERVAL 40 DAY),
(12, 'Giải chạy đêm thu hút hàng nghìn người tham gia ở trung tâm thành phố', 'Không gian thể thao kết hợp âm nhạc và hoạt động cộng đồng giúp phong trào chạy bộ lan tỏa đến nhiều nhóm tuổi.', '<p>Bài viết ghi nhận một chuyển động đáng chú ý trong lĩnh vực liên quan, với tác động trực tiếp đến người dân, doanh nghiệp hoặc cộng đồng sử dụng dịch vụ.</p><p>Điểm chung của xu hướng này là nhu cầu ra quyết định dựa trên thông tin rõ ràng hơn. Các bên tham gia không chỉ quan tâm kết quả trước mắt mà còn nhìn vào tính bền vững trong dài hạn.</p><figure class="article-inline-image"><img src="https://images.unsplash.com/photo-1552674605-db6ffd4facb5?auto=format&fit=crop&w=1200&q=80" alt="Vận động viên chạy trên đường" loading="lazy"><figcaption>Hình ảnh minh họa được chọn theo đúng chủ đề của bài viết.</figcaption></figure><p>Theo các chuyên gia, yếu tố quan trọng nằm ở cách triển khai cụ thể: dữ liệu cần minh bạch, nguồn lực cần được phân bổ hợp lý và người dùng cuối phải được đặt ở trung tâm.</p><p>Trong thời gian tới, câu chuyện này sẽ còn tiếp tục được theo dõi khi chính sách, thị trường và thói quen người dùng thay đổi. Những mô hình làm tốt có thể trở thành kinh nghiệm cho các đơn vị khác.</p>', 23, 2, 'Thoáng.vn', 'Chạy bộ, Sức khỏe, Cộng đồng', 'https://images.unsplash.com/photo-1552674605-db6ffd4facb5?auto=format&fit=crop&w=1200&q=80', 'Approved', 298, NOW() - INTERVAL 39 DAY, NOW() - INTERVAL 39 DAY, NOW() - INTERVAL 39 DAY),
(13, 'Quần vợt thế giới bước vào giai đoạn chuyển giao thế hệ', 'Các tay vợt trẻ liên tục tiến sâu tại những giải lớn, tạo áp lực cạnh tranh mới cho nhóm hạt giống kỳ cựu.', '<p>Bài viết ghi nhận một chuyển động đáng chú ý trong lĩnh vực liên quan, với tác động trực tiếp đến người dân, doanh nghiệp hoặc cộng đồng sử dụng dịch vụ.</p><p>Điểm chung của xu hướng này là nhu cầu ra quyết định dựa trên thông tin rõ ràng hơn. Các bên tham gia không chỉ quan tâm kết quả trước mắt mà còn nhìn vào tính bền vững trong dài hạn.</p><figure class="article-inline-image"><img src="https://images.unsplash.com/photo-1622279457486-62dcc4a431d6?auto=format&fit=crop&w=1200&q=80" alt="Sân quần vợt ngoài trời" loading="lazy"><figcaption>Hình ảnh minh họa được chọn theo đúng chủ đề của bài viết.</figcaption></figure><p>Theo các chuyên gia, yếu tố quan trọng nằm ở cách triển khai cụ thể: dữ liệu cần minh bạch, nguồn lực cần được phân bổ hợp lý và người dùng cuối phải được đặt ở trung tâm.</p><p>Trong thời gian tới, câu chuyện này sẽ còn tiếp tục được theo dõi khi chính sách, thị trường và thói quen người dùng thay đổi. Những mô hình làm tốt có thể trở thành kinh nghiệm cho các đơn vị khác.</p>', 24, 3, 'Thoáng.vn', 'Quần vợt, Thể thao quốc tế, Tay vợt trẻ', 'https://images.unsplash.com/photo-1622279457486-62dcc4a431d6?auto=format&fit=crop&w=1200&q=80', 'Approved', 315, NOW() - INTERVAL 38 DAY, NOW() - INTERVAL 38 DAY, NOW() - INTERVAL 38 DAY),
(14, 'Doanh nghiệp Việt ứng dụng AI để rút ngắn thời gian chăm sóc khách hàng', 'Chatbot và hệ thống phân tích hội thoại giúp tổng đài xử lý yêu cầu phổ biến nhanh hơn, nhưng vẫn cần người kiểm soát chất lượng.', '<p>Bài viết ghi nhận một chuyển động đáng chú ý trong lĩnh vực liên quan, với tác động trực tiếp đến người dân, doanh nghiệp hoặc cộng đồng sử dụng dịch vụ.</p><p>Điểm chung của xu hướng này là nhu cầu ra quyết định dựa trên thông tin rõ ràng hơn. Các bên tham gia không chỉ quan tâm kết quả trước mắt mà còn nhìn vào tính bền vững trong dài hạn.</p><figure class="article-inline-image"><img src="https://images.unsplash.com/photo-1677442136019-21780ecad995?auto=format&fit=crop&w=1200&q=80" alt="Mô phỏng công nghệ trí tuệ nhân tạo" loading="lazy"><figcaption>Hình ảnh minh họa được chọn theo đúng chủ đề của bài viết.</figcaption></figure><p>Theo các chuyên gia, yếu tố quan trọng nằm ở cách triển khai cụ thể: dữ liệu cần minh bạch, nguồn lực cần được phân bổ hợp lý và người dùng cuối phải được đặt ở trung tâm.</p><p>Trong thời gian tới, câu chuyện này sẽ còn tiếp tục được theo dõi khi chính sách, thị trường và thói quen người dùng thay đổi. Những mô hình làm tốt có thể trở thành kinh nghiệm cho các đơn vị khác.</p>', 25, 2, 'Thoáng.vn', 'AI, Chăm sóc khách hàng, Doanh nghiệp', 'https://images.unsplash.com/photo-1677442136019-21780ecad995?auto=format&fit=crop&w=1200&q=80', 'Approved', 72, NOW() - INTERVAL 37 DAY, NOW() - INTERVAL 37 DAY, NOW() - INTERVAL 37 DAY),
(15, 'Điện thoại tầm trung tập trung nâng cấp camera và pin', 'Các hãng sản xuất cạnh tranh bằng cảm biến ảnh lớn hơn, thuật toán xử lý đêm và thời lượng pin đủ cho cả ngày làm việc.', '<p>Bài viết ghi nhận một chuyển động đáng chú ý trong lĩnh vực liên quan, với tác động trực tiếp đến người dân, doanh nghiệp hoặc cộng đồng sử dụng dịch vụ.</p><p>Điểm chung của xu hướng này là nhu cầu ra quyết định dựa trên thông tin rõ ràng hơn. Các bên tham gia không chỉ quan tâm kết quả trước mắt mà còn nhìn vào tính bền vững trong dài hạn.</p><figure class="article-inline-image"><img src="https://images.unsplash.com/photo-1511707171634-5f897ff02aa9?auto=format&fit=crop&w=1200&q=80" alt="Điện thoại thông minh đặt trên bàn" loading="lazy"><figcaption>Hình ảnh minh họa được chọn theo đúng chủ đề của bài viết.</figcaption></figure><p>Theo các chuyên gia, yếu tố quan trọng nằm ở cách triển khai cụ thể: dữ liệu cần minh bạch, nguồn lực cần được phân bổ hợp lý và người dùng cuối phải được đặt ở trung tâm.</p><p>Trong thời gian tới, câu chuyện này sẽ còn tiếp tục được theo dõi khi chính sách, thị trường và thói quen người dùng thay đổi. Những mô hình làm tốt có thể trở thành kinh nghiệm cho các đơn vị khác.</p>', 26, 2, 'Thoáng.vn', 'Điện thoại, Thiết bị số, Camera', 'https://images.unsplash.com/photo-1511707171634-5f897ff02aa9?auto=format&fit=crop&w=1200&q=80', 'Approved', 89, NOW() - INTERVAL 36 DAY, NOW() - INTERVAL 36 DAY, NOW() - INTERVAL 36 DAY),
(16, 'Cảnh báo lừa đảo qua mã QR giả tại điểm thanh toán đông người', 'Người dùng được khuyến nghị kiểm tra tên người nhận và nguồn mã QR trước khi chuyển tiền tại cửa hàng hoặc sự kiện.', '<p>Bài viết ghi nhận một chuyển động đáng chú ý trong lĩnh vực liên quan, với tác động trực tiếp đến người dân, doanh nghiệp hoặc cộng đồng sử dụng dịch vụ.</p><p>Điểm chung của xu hướng này là nhu cầu ra quyết định dựa trên thông tin rõ ràng hơn. Các bên tham gia không chỉ quan tâm kết quả trước mắt mà còn nhìn vào tính bền vững trong dài hạn.</p><figure class="article-inline-image"><img src="https://images.unsplash.com/photo-1563013544-824ae1b704d3?auto=format&fit=crop&w=1200&q=80" alt="Thanh toán điện tử trên điện thoại" loading="lazy"><figcaption>Hình ảnh minh họa được chọn theo đúng chủ đề của bài viết.</figcaption></figure><p>Theo các chuyên gia, yếu tố quan trọng nằm ở cách triển khai cụ thể: dữ liệu cần minh bạch, nguồn lực cần được phân bổ hợp lý và người dùng cuối phải được đặt ở trung tâm.</p><p>Trong thời gian tới, câu chuyện này sẽ còn tiếp tục được theo dõi khi chính sách, thị trường và thói quen người dùng thay đổi. Những mô hình làm tốt có thể trở thành kinh nghiệm cho các đơn vị khác.</p>', 27, 3, 'Thoáng.vn', 'An toàn thông tin, Mã QR, Lừa đảo', 'https://images.unsplash.com/photo-1563013544-824ae1b704d3?auto=format&fit=crop&w=1200&q=80', 'Approved', 106, NOW() - INTERVAL 35 DAY, NOW() - INTERVAL 35 DAY, NOW() - INTERVAL 35 DAY),
(17, 'Gia đình trẻ ưu tiên căn hộ gần trường học và công viên', 'Nhu cầu sống thuận tiện khiến các dự án có tiện ích giáo dục, y tế và không gian xanh được chú ý hơn.', '<p>Bài viết ghi nhận một chuyển động đáng chú ý trong lĩnh vực liên quan, với tác động trực tiếp đến người dân, doanh nghiệp hoặc cộng đồng sử dụng dịch vụ.</p><p>Điểm chung của xu hướng này là nhu cầu ra quyết định dựa trên thông tin rõ ràng hơn. Các bên tham gia không chỉ quan tâm kết quả trước mắt mà còn nhìn vào tính bền vững trong dài hạn.</p><figure class="article-inline-image"><img src="https://images.unsplash.com/photo-1494526585095-c41746248156?auto=format&fit=crop&w=1200&q=80" alt="Ngôi nhà ấm cúng có sân vườn" loading="lazy"><figcaption>Hình ảnh minh họa được chọn theo đúng chủ đề của bài viết.</figcaption></figure><p>Theo các chuyên gia, yếu tố quan trọng nằm ở cách triển khai cụ thể: dữ liệu cần minh bạch, nguồn lực cần được phân bổ hợp lý và người dùng cuối phải được đặt ở trung tâm.</p><p>Trong thời gian tới, câu chuyện này sẽ còn tiếp tục được theo dõi khi chính sách, thị trường và thói quen người dùng thay đổi. Những mô hình làm tốt có thể trở thành kinh nghiệm cho các đơn vị khác.</p>', 28, 2, 'Thoáng.vn', 'Gia đình, Nhà ở, Tiện ích', 'https://images.unsplash.com/photo-1494526585095-c41746248156?auto=format&fit=crop&w=1200&q=80', 'Approved', 123, NOW() - INTERVAL 34 DAY, NOW() - INTERVAL 34 DAY, NOW() - INTERVAL 34 DAY),
(18, 'Không gian đi bộ ven sông trở thành điểm hẹn cuối tuần', 'Các tuyến đường ven sông được cải tạo với cây xanh, ghế nghỉ và khu sinh hoạt cộng đồng cho cư dân đô thị.', '<p>Bài viết ghi nhận một chuyển động đáng chú ý trong lĩnh vực liên quan, với tác động trực tiếp đến người dân, doanh nghiệp hoặc cộng đồng sử dụng dịch vụ.</p><p>Điểm chung của xu hướng này là nhu cầu ra quyết định dựa trên thông tin rõ ràng hơn. Các bên tham gia không chỉ quan tâm kết quả trước mắt mà còn nhìn vào tính bền vững trong dài hạn.</p><figure class="article-inline-image"><img src="https://images.unsplash.com/photo-1519501025264-65ba15a82390?auto=format&fit=crop&w=1200&q=80" alt="Đường phố đô thị về đêm" loading="lazy"><figcaption>Hình ảnh minh họa được chọn theo đúng chủ đề của bài viết.</figcaption></figure><p>Theo các chuyên gia, yếu tố quan trọng nằm ở cách triển khai cụ thể: dữ liệu cần minh bạch, nguồn lực cần được phân bổ hợp lý và người dùng cuối phải được đặt ở trung tâm.</p><p>Trong thời gian tới, câu chuyện này sẽ còn tiếp tục được theo dõi khi chính sách, thị trường và thói quen người dùng thay đổi. Những mô hình làm tốt có thể trở thành kinh nghiệm cho các đơn vị khác.</p>', 29, 2, 'Thoáng.vn', 'Đô thị, Không gian công cộng, Cuối tuần', 'https://images.unsplash.com/photo-1519501025264-65ba15a82390?auto=format&fit=crop&w=1200&q=80', 'Approved', 140, NOW() - INTERVAL 33 DAY, NOW() - INTERVAL 33 DAY, NOW() - INTERVAL 33 DAY),
(19, 'Xu hướng chăm sóc da tối giản được người trẻ lựa chọn', 'Thay vì dùng quá nhiều sản phẩm, người tiêu dùng tập trung vào làm sạch, dưỡng ẩm, chống nắng và theo dõi phản ứng da.', '<p>Bài viết ghi nhận một chuyển động đáng chú ý trong lĩnh vực liên quan, với tác động trực tiếp đến người dân, doanh nghiệp hoặc cộng đồng sử dụng dịch vụ.</p><p>Điểm chung của xu hướng này là nhu cầu ra quyết định dựa trên thông tin rõ ràng hơn. Các bên tham gia không chỉ quan tâm kết quả trước mắt mà còn nhìn vào tính bền vững trong dài hạn.</p><figure class="article-inline-image"><img src="https://images.unsplash.com/photo-1556228720-195a672e8a03?auto=format&fit=crop&w=1200&q=80" alt="Sản phẩm chăm sóc da trên nền sáng" loading="lazy"><figcaption>Hình ảnh minh họa được chọn theo đúng chủ đề của bài viết.</figcaption></figure><p>Theo các chuyên gia, yếu tố quan trọng nằm ở cách triển khai cụ thể: dữ liệu cần minh bạch, nguồn lực cần được phân bổ hợp lý và người dùng cuối phải được đặt ở trung tâm.</p><p>Trong thời gian tới, câu chuyện này sẽ còn tiếp tục được theo dõi khi chính sách, thị trường và thói quen người dùng thay đổi. Những mô hình làm tốt có thể trở thành kinh nghiệm cho các đơn vị khác.</p>', 30, 3, 'Thoáng.vn', 'Làm đẹp, Chăm sóc da, Lối sống', 'https://images.unsplash.com/photo-1556228720-195a672e8a03?auto=format&fit=crop&w=1200&q=80', 'Approved', 157, NOW() - INTERVAL 32 DAY, NOW() - INTERVAL 32 DAY, NOW() - INTERVAL 32 DAY),
(20, 'Thí sinh quan tâm nhiều hơn đến ngành dữ liệu và logistics', 'Các chương trình đào tạo gắn với nhu cầu doanh nghiệp được phụ huynh và học sinh tìm hiểu kỹ trong mùa tuyển sinh.', '<p>Bài viết ghi nhận một chuyển động đáng chú ý trong lĩnh vực liên quan, với tác động trực tiếp đến người dân, doanh nghiệp hoặc cộng đồng sử dụng dịch vụ.</p><p>Điểm chung của xu hướng này là nhu cầu ra quyết định dựa trên thông tin rõ ràng hơn. Các bên tham gia không chỉ quan tâm kết quả trước mắt mà còn nhìn vào tính bền vững trong dài hạn.</p><figure class="article-inline-image"><img src="https://images.unsplash.com/photo-1523240795612-9a054b0db644?auto=format&fit=crop&w=1200&q=80" alt="Sinh viên ngồi học trong khuôn viên trường" loading="lazy"><figcaption>Hình ảnh minh họa được chọn theo đúng chủ đề của bài viết.</figcaption></figure><p>Theo các chuyên gia, yếu tố quan trọng nằm ở cách triển khai cụ thể: dữ liệu cần minh bạch, nguồn lực cần được phân bổ hợp lý và người dùng cuối phải được đặt ở trung tâm.</p><p>Trong thời gian tới, câu chuyện này sẽ còn tiếp tục được theo dõi khi chính sách, thị trường và thói quen người dùng thay đổi. Những mô hình làm tốt có thể trở thành kinh nghiệm cho các đơn vị khác.</p>', 31, 2, 'Thoáng.vn', 'Tuyển sinh, Đại học, Dữ liệu', 'https://images.unsplash.com/photo-1523240795612-9a054b0db644?auto=format&fit=crop&w=1200&q=80', 'Approved', 174, NOW() - INTERVAL 31 DAY, NOW() - INTERVAL 31 DAY, NOW() - INTERVAL 31 DAY),
(21, 'Kỹ năng thuyết trình trở thành lợi thế của sinh viên năm nhất', 'Các lớp học tăng hoạt động nhóm và phản biện giúp sinh viên rèn khả năng trình bày ý tưởng rõ ràng hơn.', '<p>Bài viết ghi nhận một chuyển động đáng chú ý trong lĩnh vực liên quan, với tác động trực tiếp đến người dân, doanh nghiệp hoặc cộng đồng sử dụng dịch vụ.</p><p>Điểm chung của xu hướng này là nhu cầu ra quyết định dựa trên thông tin rõ ràng hơn. Các bên tham gia không chỉ quan tâm kết quả trước mắt mà còn nhìn vào tính bền vững trong dài hạn.</p><figure class="article-inline-image"><img src="https://images.unsplash.com/photo-1523580846011-d3a5bc25702b?auto=format&fit=crop&w=1200&q=80" alt="Sinh viên trao đổi trong lớp học" loading="lazy"><figcaption>Hình ảnh minh họa được chọn theo đúng chủ đề của bài viết.</figcaption></figure><p>Theo các chuyên gia, yếu tố quan trọng nằm ở cách triển khai cụ thể: dữ liệu cần minh bạch, nguồn lực cần được phân bổ hợp lý và người dùng cuối phải được đặt ở trung tâm.</p><p>Trong thời gian tới, câu chuyện này sẽ còn tiếp tục được theo dõi khi chính sách, thị trường và thói quen người dùng thay đổi. Những mô hình làm tốt có thể trở thành kinh nghiệm cho các đơn vị khác.</p>', 32, 2, 'Thoáng.vn', 'Kỹ năng, Sinh viên, Thuyết trình', 'https://images.unsplash.com/photo-1523580846011-d3a5bc25702b?auto=format&fit=crop&w=1200&q=80', 'Approved', 191, NOW() - INTERVAL 30 DAY, NOW() - INTERVAL 30 DAY, NOW() - INTERVAL 30 DAY),
(22, 'Trường học tăng hoạt động trải nghiệm để giảm áp lực thi cử', 'Các tiết học ngoài lớp, dự án cộng đồng và câu lạc bộ giúp học sinh phát triển kỹ năng xã hội tốt hơn.', '<p>Bài viết ghi nhận một chuyển động đáng chú ý trong lĩnh vực liên quan, với tác động trực tiếp đến người dân, doanh nghiệp hoặc cộng đồng sử dụng dịch vụ.</p><p>Điểm chung của xu hướng này là nhu cầu ra quyết định dựa trên thông tin rõ ràng hơn. Các bên tham gia không chỉ quan tâm kết quả trước mắt mà còn nhìn vào tính bền vững trong dài hạn.</p><figure class="article-inline-image"><img src="https://images.unsplash.com/photo-1509062522246-3755977927d7?auto=format&fit=crop&w=1200&q=80" alt="Lớp học có học sinh tham gia hoạt động" loading="lazy"><figcaption>Hình ảnh minh họa được chọn theo đúng chủ đề của bài viết.</figcaption></figure><p>Theo các chuyên gia, yếu tố quan trọng nằm ở cách triển khai cụ thể: dữ liệu cần minh bạch, nguồn lực cần được phân bổ hợp lý và người dùng cuối phải được đặt ở trung tâm.</p><p>Trong thời gian tới, câu chuyện này sẽ còn tiếp tục được theo dõi khi chính sách, thị trường và thói quen người dùng thay đổi. Những mô hình làm tốt có thể trở thành kinh nghiệm cho các đơn vị khác.</p>', 33, 3, 'Thoáng.vn', 'Học đường, Trải nghiệm, Kỹ năng xã hội', 'https://images.unsplash.com/photo-1509062522246-3755977927d7?auto=format&fit=crop&w=1200&q=80', 'Approved', 208, NOW() - INTERVAL 29 DAY, NOW() - INTERVAL 29 DAY, NOW() - INTERVAL 29 DAY),
(23, 'Phim Việt khai thác đời sống đô thị bằng góc nhìn gần gũi', 'Nhiều tác phẩm mới chọn câu chuyện gia đình, công việc và tình bạn để tạo kết nối với khán giả trẻ.', '<p>Bài viết ghi nhận một chuyển động đáng chú ý trong lĩnh vực liên quan, với tác động trực tiếp đến người dân, doanh nghiệp hoặc cộng đồng sử dụng dịch vụ.</p><p>Điểm chung của xu hướng này là nhu cầu ra quyết định dựa trên thông tin rõ ràng hơn. Các bên tham gia không chỉ quan tâm kết quả trước mắt mà còn nhìn vào tính bền vững trong dài hạn.</p><figure class="article-inline-image"><img src="https://images.unsplash.com/photo-1489599849927-2ee91cede3ba?auto=format&fit=crop&w=1200&q=80" alt="Rạp chiếu phim với hàng ghế đỏ" loading="lazy"><figcaption>Hình ảnh minh họa được chọn theo đúng chủ đề của bài viết.</figcaption></figure><p>Theo các chuyên gia, yếu tố quan trọng nằm ở cách triển khai cụ thể: dữ liệu cần minh bạch, nguồn lực cần được phân bổ hợp lý và người dùng cuối phải được đặt ở trung tâm.</p><p>Trong thời gian tới, câu chuyện này sẽ còn tiếp tục được theo dõi khi chính sách, thị trường và thói quen người dùng thay đổi. Những mô hình làm tốt có thể trở thành kinh nghiệm cho các đơn vị khác.</p>', 34, 2, 'Thoáng.vn', 'Điện ảnh, Phim Việt, Văn hóa', 'https://images.unsplash.com/photo-1489599849927-2ee91cede3ba?auto=format&fit=crop&w=1200&q=80', 'Approved', 225, NOW() - INTERVAL 28 DAY, NOW() - INTERVAL 28 DAY, NOW() - INTERVAL 28 DAY),
(24, 'Hội sách cuối tuần đưa độc giả trở lại với thói quen đọc giấy', 'Các gian hàng sách, tọa đàm tác giả và khu đổi sách cũ tạo không gian giao lưu cho cộng đồng đọc.', '<p>Bài viết ghi nhận một chuyển động đáng chú ý trong lĩnh vực liên quan, với tác động trực tiếp đến người dân, doanh nghiệp hoặc cộng đồng sử dụng dịch vụ.</p><p>Điểm chung của xu hướng này là nhu cầu ra quyết định dựa trên thông tin rõ ràng hơn. Các bên tham gia không chỉ quan tâm kết quả trước mắt mà còn nhìn vào tính bền vững trong dài hạn.</p><figure class="article-inline-image"><img src="https://images.unsplash.com/photo-1521587760476-6c12a4b040da?auto=format&fit=crop&w=1200&q=80" alt="Kệ sách trong thư viện" loading="lazy"><figcaption>Hình ảnh minh họa được chọn theo đúng chủ đề của bài viết.</figcaption></figure><p>Theo các chuyên gia, yếu tố quan trọng nằm ở cách triển khai cụ thể: dữ liệu cần minh bạch, nguồn lực cần được phân bổ hợp lý và người dùng cuối phải được đặt ở trung tâm.</p><p>Trong thời gian tới, câu chuyện này sẽ còn tiếp tục được theo dõi khi chính sách, thị trường và thói quen người dùng thay đổi. Những mô hình làm tốt có thể trở thành kinh nghiệm cho các đơn vị khác.</p>', 35, 2, 'Thoáng.vn', 'Sách, Hội sách, Văn hóa đọc', 'https://images.unsplash.com/photo-1521587760476-6c12a4b040da?auto=format&fit=crop&w=1200&q=80', 'Approved', 242, NOW() - INTERVAL 27 DAY, NOW() - INTERVAL 27 DAY, NOW() - INTERVAL 27 DAY),
(25, 'Nghệ sĩ độc lập tìm khán giả qua nền tảng nghe nhạc trực tuyến', 'Sự phát triển của streaming giúp các ca sĩ mới phát hành sản phẩm nhanh hơn và đo phản hồi người nghe rõ hơn.', '<p>Bài viết ghi nhận một chuyển động đáng chú ý trong lĩnh vực liên quan, với tác động trực tiếp đến người dân, doanh nghiệp hoặc cộng đồng sử dụng dịch vụ.</p><p>Điểm chung của xu hướng này là nhu cầu ra quyết định dựa trên thông tin rõ ràng hơn. Các bên tham gia không chỉ quan tâm kết quả trước mắt mà còn nhìn vào tính bền vững trong dài hạn.</p><figure class="article-inline-image"><img src="https://images.unsplash.com/photo-1511379938547-c1f69419868d?auto=format&fit=crop&w=1200&q=80" alt="Phòng thu âm nhạc với thiết bị chuyên nghiệp" loading="lazy"><figcaption>Hình ảnh minh họa được chọn theo đúng chủ đề của bài viết.</figcaption></figure><p>Theo các chuyên gia, yếu tố quan trọng nằm ở cách triển khai cụ thể: dữ liệu cần minh bạch, nguồn lực cần được phân bổ hợp lý và người dùng cuối phải được đặt ở trung tâm.</p><p>Trong thời gian tới, câu chuyện này sẽ còn tiếp tục được theo dõi khi chính sách, thị trường và thói quen người dùng thay đổi. Những mô hình làm tốt có thể trở thành kinh nghiệm cho các đơn vị khác.</p>', 36, 3, 'Thoáng.vn', 'Âm nhạc, Nghệ sĩ độc lập, Streaming', 'https://images.unsplash.com/photo-1511379938547-c1f69419868d?auto=format&fit=crop&w=1200&q=80', 'Approved', 259, NOW() - INTERVAL 26 DAY, NOW() - INTERVAL 26 DAY, NOW() - INTERVAL 26 DAY),
(26, 'Bữa ăn văn phòng cân bằng giúp giảm mệt mỏi buổi chiều', 'Chuyên gia dinh dưỡng khuyến nghị tăng rau, protein vừa đủ và hạn chế đồ uống quá nhiều đường trong ngày làm việc.', '<p>Bài viết ghi nhận một chuyển động đáng chú ý trong lĩnh vực liên quan, với tác động trực tiếp đến người dân, doanh nghiệp hoặc cộng đồng sử dụng dịch vụ.</p><p>Điểm chung của xu hướng này là nhu cầu ra quyết định dựa trên thông tin rõ ràng hơn. Các bên tham gia không chỉ quan tâm kết quả trước mắt mà còn nhìn vào tính bền vững trong dài hạn.</p><figure class="article-inline-image"><img src="https://images.unsplash.com/photo-1490645935967-10de6ba17061?auto=format&fit=crop&w=1200&q=80" alt="Bữa ăn lành mạnh với rau và ngũ cốc" loading="lazy"><figcaption>Hình ảnh minh họa được chọn theo đúng chủ đề của bài viết.</figcaption></figure><p>Theo các chuyên gia, yếu tố quan trọng nằm ở cách triển khai cụ thể: dữ liệu cần minh bạch, nguồn lực cần được phân bổ hợp lý và người dùng cuối phải được đặt ở trung tâm.</p><p>Trong thời gian tới, câu chuyện này sẽ còn tiếp tục được theo dõi khi chính sách, thị trường và thói quen người dùng thay đổi. Những mô hình làm tốt có thể trở thành kinh nghiệm cho các đơn vị khác.</p>', 37, 2, 'Thoáng.vn', 'Dinh dưỡng, Văn phòng, Sức khỏe', 'https://images.unsplash.com/photo-1490645935967-10de6ba17061?auto=format&fit=crop&w=1200&q=80', 'Approved', 276, NOW() - INTERVAL 25 DAY, NOW() - INTERVAL 25 DAY, NOW() - INTERVAL 25 DAY),
(27, 'Ứng dụng đặt lịch khám giúp người bệnh chủ động theo dõi hồ sơ', 'Hồ sơ điện tử, nhắc lịch uống thuốc và tư vấn từ xa đang trở thành một phần của dịch vụ y tế hiện đại.', '<p>Bài viết ghi nhận một chuyển động đáng chú ý trong lĩnh vực liên quan, với tác động trực tiếp đến người dân, doanh nghiệp hoặc cộng đồng sử dụng dịch vụ.</p><p>Điểm chung của xu hướng này là nhu cầu ra quyết định dựa trên thông tin rõ ràng hơn. Các bên tham gia không chỉ quan tâm kết quả trước mắt mà còn nhìn vào tính bền vững trong dài hạn.</p><figure class="article-inline-image"><img src="https://images.unsplash.com/photo-1576091160399-112ba8d25d1d?auto=format&fit=crop&w=1200&q=80" alt="Bác sĩ sử dụng máy tính bảng trong bệnh viện" loading="lazy"><figcaption>Hình ảnh minh họa được chọn theo đúng chủ đề của bài viết.</figcaption></figure><p>Theo các chuyên gia, yếu tố quan trọng nằm ở cách triển khai cụ thể: dữ liệu cần minh bạch, nguồn lực cần được phân bổ hợp lý và người dùng cuối phải được đặt ở trung tâm.</p><p>Trong thời gian tới, câu chuyện này sẽ còn tiếp tục được theo dõi khi chính sách, thị trường và thói quen người dùng thay đổi. Những mô hình làm tốt có thể trở thành kinh nghiệm cho các đơn vị khác.</p>', 38, 2, 'Thoáng.vn', 'Y tế số, Hồ sơ sức khỏe, Khám bệnh', 'https://images.unsplash.com/photo-1576091160399-112ba8d25d1d?auto=format&fit=crop&w=1200&q=80', 'Approved', 293, NOW() - INTERVAL 24 DAY, NOW() - INTERVAL 24 DAY, NOW() - INTERVAL 24 DAY),
(28, 'Bài tập giãn cơ ngắn giúp dân văn phòng giảm đau vai gáy', 'Những động tác đơn giản trong 5 phút giữa giờ có thể cải thiện tuần hoàn và giảm căng cơ khi ngồi lâu.', '<p>Bài viết ghi nhận một chuyển động đáng chú ý trong lĩnh vực liên quan, với tác động trực tiếp đến người dân, doanh nghiệp hoặc cộng đồng sử dụng dịch vụ.</p><p>Điểm chung của xu hướng này là nhu cầu ra quyết định dựa trên thông tin rõ ràng hơn. Các bên tham gia không chỉ quan tâm kết quả trước mắt mà còn nhìn vào tính bền vững trong dài hạn.</p><figure class="article-inline-image"><img src="https://images.unsplash.com/photo-1518611012118-696072aa579a?auto=format&fit=crop&w=1200&q=80" alt="Người tập luyện giãn cơ trong phòng sáng" loading="lazy"><figcaption>Hình ảnh minh họa được chọn theo đúng chủ đề của bài viết.</figcaption></figure><p>Theo các chuyên gia, yếu tố quan trọng nằm ở cách triển khai cụ thể: dữ liệu cần minh bạch, nguồn lực cần được phân bổ hợp lý và người dùng cuối phải được đặt ở trung tâm.</p><p>Trong thời gian tới, câu chuyện này sẽ còn tiếp tục được theo dõi khi chính sách, thị trường và thói quen người dùng thay đổi. Những mô hình làm tốt có thể trở thành kinh nghiệm cho các đơn vị khác.</p>', 39, 3, 'Thoáng.vn', 'Tập luyện, Văn phòng, Vai gáy', 'https://images.unsplash.com/photo-1518611012118-696072aa579a?auto=format&fit=crop&w=1200&q=80', 'Approved', 310, NOW() - INTERVAL 23 DAY, NOW() - INTERVAL 23 DAY, NOW() - INTERVAL 23 DAY),
(29, 'Du lịch đường sắt được làm mới bằng các tuyến ngắn cuối tuần', 'Các hành trình ngắn kết hợp ẩm thực địa phương và điểm check-in gần ga phù hợp với nhóm bạn trẻ.', '<p>Bài viết ghi nhận một chuyển động đáng chú ý trong lĩnh vực liên quan, với tác động trực tiếp đến người dân, doanh nghiệp hoặc cộng đồng sử dụng dịch vụ.</p><p>Điểm chung của xu hướng này là nhu cầu ra quyết định dựa trên thông tin rõ ràng hơn. Các bên tham gia không chỉ quan tâm kết quả trước mắt mà còn nhìn vào tính bền vững trong dài hạn.</p><figure class="article-inline-image"><img src="https://images.unsplash.com/photo-1474487548417-781cb71495f3?auto=format&fit=crop&w=1200&q=80" alt="Tàu hỏa chạy qua vùng cảnh quan xanh" loading="lazy"><figcaption>Hình ảnh minh họa được chọn theo đúng chủ đề của bài viết.</figcaption></figure><p>Theo các chuyên gia, yếu tố quan trọng nằm ở cách triển khai cụ thể: dữ liệu cần minh bạch, nguồn lực cần được phân bổ hợp lý và người dùng cuối phải được đặt ở trung tâm.</p><p>Trong thời gian tới, câu chuyện này sẽ còn tiếp tục được theo dõi khi chính sách, thị trường và thói quen người dùng thay đổi. Những mô hình làm tốt có thể trở thành kinh nghiệm cho các đơn vị khác.</p>', 40, 2, 'Thoáng.vn', 'Du lịch trong nước, Đường sắt, Cuối tuần', 'https://images.unsplash.com/photo-1474487548417-781cb71495f3?auto=format&fit=crop&w=1200&q=80', 'Approved', 67, NOW() - INTERVAL 22 DAY, NOW() - INTERVAL 22 DAY, NOW() - INTERVAL 22 DAY),
(30, 'Khách Việt ưu tiên lịch trình tự túc khi đi du lịch quốc tế', 'Du khách tìm kiếm trải nghiệm linh hoạt, đặt dịch vụ trực tuyến và chuẩn bị kỹ bảo hiểm, visa, phương án di chuyển.', '<p>Bài viết ghi nhận một chuyển động đáng chú ý trong lĩnh vực liên quan, với tác động trực tiếp đến người dân, doanh nghiệp hoặc cộng đồng sử dụng dịch vụ.</p><p>Điểm chung của xu hướng này là nhu cầu ra quyết định dựa trên thông tin rõ ràng hơn. Các bên tham gia không chỉ quan tâm kết quả trước mắt mà còn nhìn vào tính bền vững trong dài hạn.</p><figure class="article-inline-image"><img src="https://images.unsplash.com/photo-1500530855697-b586d89ba3ee?auto=format&fit=crop&w=1200&q=80" alt="Du khách nhìn ra phong cảnh thành phố" loading="lazy"><figcaption>Hình ảnh minh họa được chọn theo đúng chủ đề của bài viết.</figcaption></figure><p>Theo các chuyên gia, yếu tố quan trọng nằm ở cách triển khai cụ thể: dữ liệu cần minh bạch, nguồn lực cần được phân bổ hợp lý và người dùng cuối phải được đặt ở trung tâm.</p><p>Trong thời gian tới, câu chuyện này sẽ còn tiếp tục được theo dõi khi chính sách, thị trường và thói quen người dùng thay đổi. Những mô hình làm tốt có thể trở thành kinh nghiệm cho các đơn vị khác.</p>', 41, 2, 'Thoáng.vn', 'Du lịch quốc tế, Tự túc, Kinh nghiệm', 'https://images.unsplash.com/photo-1500530855697-b586d89ba3ee?auto=format&fit=crop&w=1200&q=80', 'Approved', 84, NOW() - INTERVAL 21 DAY, NOW() - INTERVAL 21 DAY, NOW() - INTERVAL 21 DAY),
(31, 'Ẩm thực đường phố trở thành lý do để du khách quay lại thành phố', 'Những món ăn quen thuộc như bánh mì, phở, cà phê sữa đá tạo trải nghiệm bản địa khó thay thế.', '<p>Bài viết ghi nhận một chuyển động đáng chú ý trong lĩnh vực liên quan, với tác động trực tiếp đến người dân, doanh nghiệp hoặc cộng đồng sử dụng dịch vụ.</p><p>Điểm chung của xu hướng này là nhu cầu ra quyết định dựa trên thông tin rõ ràng hơn. Các bên tham gia không chỉ quan tâm kết quả trước mắt mà còn nhìn vào tính bền vững trong dài hạn.</p><figure class="article-inline-image"><img src="https://images.unsplash.com/photo-1504674900247-0877df9cc836?auto=format&fit=crop&w=1200&q=80" alt="Bàn ăn nhiều món đa dạng" loading="lazy"><figcaption>Hình ảnh minh họa được chọn theo đúng chủ đề của bài viết.</figcaption></figure><p>Theo các chuyên gia, yếu tố quan trọng nằm ở cách triển khai cụ thể: dữ liệu cần minh bạch, nguồn lực cần được phân bổ hợp lý và người dùng cuối phải được đặt ở trung tâm.</p><p>Trong thời gian tới, câu chuyện này sẽ còn tiếp tục được theo dõi khi chính sách, thị trường và thói quen người dùng thay đổi. Những mô hình làm tốt có thể trở thành kinh nghiệm cho các đơn vị khác.</p>', 42, 3, 'Thoáng.vn', 'Ẩm thực, Du lịch, Đường phố', 'https://images.unsplash.com/photo-1504674900247-0877df9cc836?auto=format&fit=crop&w=1200&q=80', 'Approved', 101, NOW() - INTERVAL 20 DAY, NOW() - INTERVAL 20 DAY, NOW() - INTERVAL 20 DAY),
(32, 'Bản tin thời tiết cực đoan được cập nhật sớm hơn trên thiết bị di động', 'Các hệ thống cảnh báo giúp người dân chuẩn bị phương án di chuyển, bảo vệ tài sản và theo dõi diễn biến mưa lớn.', '<p>Bài viết ghi nhận một chuyển động đáng chú ý trong lĩnh vực liên quan, với tác động trực tiếp đến người dân, doanh nghiệp hoặc cộng đồng sử dụng dịch vụ.</p><p>Điểm chung của xu hướng này là nhu cầu ra quyết định dựa trên thông tin rõ ràng hơn. Các bên tham gia không chỉ quan tâm kết quả trước mắt mà còn nhìn vào tính bền vững trong dài hạn.</p><figure class="article-inline-image"><img src="https://images.unsplash.com/photo-1504608524841-42fe6f032b4b?auto=format&fit=crop&w=1200&q=80" alt="Mây mưa dày trên bầu trời" loading="lazy"><figcaption>Hình ảnh minh họa được chọn theo đúng chủ đề của bài viết.</figcaption></figure><p>Theo các chuyên gia, yếu tố quan trọng nằm ở cách triển khai cụ thể: dữ liệu cần minh bạch, nguồn lực cần được phân bổ hợp lý và người dùng cuối phải được đặt ở trung tâm.</p><p>Trong thời gian tới, câu chuyện này sẽ còn tiếp tục được theo dõi khi chính sách, thị trường và thói quen người dùng thay đổi. Những mô hình làm tốt có thể trở thành kinh nghiệm cho các đơn vị khác.</p>', 11, 2, 'Thoáng.vn', 'Thời tiết, Cảnh báo, An toàn', 'https://images.unsplash.com/photo-1504608524841-42fe6f032b4b?auto=format&fit=crop&w=1200&q=80', 'Approved', 118, NOW() - INTERVAL 19 DAY, NOW() - INTERVAL 19 DAY, NOW() - INTERVAL 19 DAY),
(33, 'Phiên chất vấn tập trung vào giải pháp giảm thủ tục cho doanh nghiệp', 'Nhiều ý kiến đề nghị rút ngắn thời gian cấp phép, tăng minh bạch dữ liệu và giảm trùng lặp trong kiểm tra chuyên ngành.', '<p>Bài viết ghi nhận một chuyển động đáng chú ý trong lĩnh vực liên quan, với tác động trực tiếp đến người dân, doanh nghiệp hoặc cộng đồng sử dụng dịch vụ.</p><p>Điểm chung của xu hướng này là nhu cầu ra quyết định dựa trên thông tin rõ ràng hơn. Các bên tham gia không chỉ quan tâm kết quả trước mắt mà còn nhìn vào tính bền vững trong dài hạn.</p><figure class="article-inline-image"><img src="https://images.unsplash.com/photo-1529107386315-e1a2ed48a620?auto=format&fit=crop&w=1200&q=80" alt="Tòa nhà hành chính với cờ trong nắng" loading="lazy"><figcaption>Hình ảnh minh họa được chọn theo đúng chủ đề của bài viết.</figcaption></figure><p>Theo các chuyên gia, yếu tố quan trọng nằm ở cách triển khai cụ thể: dữ liệu cần minh bạch, nguồn lực cần được phân bổ hợp lý và người dùng cuối phải được đặt ở trung tâm.</p><p>Trong thời gian tới, câu chuyện này sẽ còn tiếp tục được theo dõi khi chính sách, thị trường và thói quen người dùng thay đổi. Những mô hình làm tốt có thể trở thành kinh nghiệm cho các đơn vị khác.</p>', 12, 2, 'Thoáng.vn', 'Chính trị, Chính sách, Doanh nghiệp', 'https://images.unsplash.com/photo-1529107386315-e1a2ed48a620?auto=format&fit=crop&w=1200&q=80', 'Approved', 135, NOW() - INTERVAL 18 DAY, NOW() - INTERVAL 18 DAY, NOW() - INTERVAL 18 DAY),
(34, 'Khu công nghiệp xanh thu hút nhà đầu tư nhờ hạ tầng năng lượng sạch', 'Doanh nghiệp sản xuất quan tâm nhiều hơn đến điện tái tạo, xử lý nước và chứng chỉ môi trường trong chuỗi cung ứng.', '<p>Bài viết ghi nhận một chuyển động đáng chú ý trong lĩnh vực liên quan, với tác động trực tiếp đến người dân, doanh nghiệp hoặc cộng đồng sử dụng dịch vụ.</p><p>Điểm chung của xu hướng này là nhu cầu ra quyết định dựa trên thông tin rõ ràng hơn. Các bên tham gia không chỉ quan tâm kết quả trước mắt mà còn nhìn vào tính bền vững trong dài hạn.</p><figure class="article-inline-image"><img src="https://images.unsplash.com/photo-1497366754035-f200968a6e72?auto=format&fit=crop&w=1200&q=80" alt="Khu văn phòng và sản xuất hiện đại" loading="lazy"><figcaption>Hình ảnh minh họa được chọn theo đúng chủ đề của bài viết.</figcaption></figure><p>Theo các chuyên gia, yếu tố quan trọng nằm ở cách triển khai cụ thể: dữ liệu cần minh bạch, nguồn lực cần được phân bổ hợp lý và người dùng cuối phải được đặt ở trung tâm.</p><p>Trong thời gian tới, câu chuyện này sẽ còn tiếp tục được theo dõi khi chính sách, thị trường và thói quen người dùng thay đổi. Những mô hình làm tốt có thể trở thành kinh nghiệm cho các đơn vị khác.</p>', 20, 3, 'Thoáng.vn', 'Khu công nghiệp, Đầu tư, Sản xuất xanh', 'https://images.unsplash.com/photo-1497366754035-f200968a6e72?auto=format&fit=crop&w=1200&q=80', 'Approved', 152, NOW() - INTERVAL 17 DAY, NOW() - INTERVAL 17 DAY, NOW() - INTERVAL 17 DAY),
(35, 'Thị trường cà phê đặc sản mở rộng nhờ người tiêu dùng trẻ', 'Các quán rang xay tại chỗ giới thiệu nguồn gốc hạt, phương pháp pha và câu chuyện nông trại để tạo khác biệt.', '<p>Bài viết ghi nhận một chuyển động đáng chú ý trong lĩnh vực liên quan, với tác động trực tiếp đến người dân, doanh nghiệp hoặc cộng đồng sử dụng dịch vụ.</p><p>Điểm chung của xu hướng này là nhu cầu ra quyết định dựa trên thông tin rõ ràng hơn. Các bên tham gia không chỉ quan tâm kết quả trước mắt mà còn nhìn vào tính bền vững trong dài hạn.</p><figure class="article-inline-image"><img src="https://images.unsplash.com/photo-1495474472287-4d71bcdd2085?auto=format&fit=crop&w=1200&q=80" alt="Ly cà phê trên bàn gỗ" loading="lazy"><figcaption>Hình ảnh minh họa được chọn theo đúng chủ đề của bài viết.</figcaption></figure><p>Theo các chuyên gia, yếu tố quan trọng nằm ở cách triển khai cụ thể: dữ liệu cần minh bạch, nguồn lực cần được phân bổ hợp lý và người dùng cuối phải được đặt ở trung tâm.</p><p>Trong thời gian tới, câu chuyện này sẽ còn tiếp tục được theo dõi khi chính sách, thị trường và thói quen người dùng thay đổi. Những mô hình làm tốt có thể trở thành kinh nghiệm cho các đơn vị khác.</p>', 21, 2, 'Thoáng.vn', 'Cà phê, Thị trường, Tiêu dùng trẻ', 'https://images.unsplash.com/photo-1495474472287-4d71bcdd2085?auto=format&fit=crop&w=1200&q=80', 'Approved', 169, NOW() - INTERVAL 16 DAY, NOW() - INTERVAL 16 DAY, NOW() - INTERVAL 16 DAY),
(36, 'Trung tâm dữ liệu xanh giảm nhiệt bằng thiết kế tiết kiệm năng lượng', 'Doanh nghiệp công nghệ đầu tư hệ thống làm mát hiệu quả hơn để đáp ứng nhu cầu xử lý dữ liệu ngày càng lớn.', '<p>Bài viết ghi nhận một chuyển động đáng chú ý trong lĩnh vực liên quan, với tác động trực tiếp đến người dân, doanh nghiệp hoặc cộng đồng sử dụng dịch vụ.</p><p>Điểm chung của xu hướng này là nhu cầu ra quyết định dựa trên thông tin rõ ràng hơn. Các bên tham gia không chỉ quan tâm kết quả trước mắt mà còn nhìn vào tính bền vững trong dài hạn.</p><figure class="article-inline-image"><img src="https://images.unsplash.com/photo-1558494949-ef010cbdcc31?auto=format&fit=crop&w=1200&q=80" alt="Dãy máy chủ trong trung tâm dữ liệu" loading="lazy"><figcaption>Hình ảnh minh họa được chọn theo đúng chủ đề của bài viết.</figcaption></figure><p>Theo các chuyên gia, yếu tố quan trọng nằm ở cách triển khai cụ thể: dữ liệu cần minh bạch, nguồn lực cần được phân bổ hợp lý và người dùng cuối phải được đặt ở trung tâm.</p><p>Trong thời gian tới, câu chuyện này sẽ còn tiếp tục được theo dõi khi chính sách, thị trường và thói quen người dùng thay đổi. Những mô hình làm tốt có thể trở thành kinh nghiệm cho các đơn vị khác.</p>', 25, 2, 'Thoáng.vn', 'Trung tâm dữ liệu, AI, Năng lượng', 'https://images.unsplash.com/photo-1558494949-ef010cbdcc31?auto=format&fit=crop&w=1200&q=80', 'Approved', 186, NOW() - INTERVAL 15 DAY, NOW() - INTERVAL 15 DAY, NOW() - INTERVAL 15 DAY),
(37, 'Máy tính bảng quay lại lớp học nhờ nhu cầu ghi chú số', 'Sinh viên dùng thiết bị màn hình lớn để đọc tài liệu, ghi chú bài giảng và làm việc nhóm trong các dự án học tập.', '<p>Bài viết ghi nhận một chuyển động đáng chú ý trong lĩnh vực liên quan, với tác động trực tiếp đến người dân, doanh nghiệp hoặc cộng đồng sử dụng dịch vụ.</p><p>Điểm chung của xu hướng này là nhu cầu ra quyết định dựa trên thông tin rõ ràng hơn. Các bên tham gia không chỉ quan tâm kết quả trước mắt mà còn nhìn vào tính bền vững trong dài hạn.</p><figure class="article-inline-image"><img src="https://images.unsplash.com/photo-1544244015-0df4b3ffc6b0?auto=format&fit=crop&w=1200&q=80" alt="Máy tính bảng đặt trên bàn làm việc" loading="lazy"><figcaption>Hình ảnh minh họa được chọn theo đúng chủ đề của bài viết.</figcaption></figure><p>Theo các chuyên gia, yếu tố quan trọng nằm ở cách triển khai cụ thể: dữ liệu cần minh bạch, nguồn lực cần được phân bổ hợp lý và người dùng cuối phải được đặt ở trung tâm.</p><p>Trong thời gian tới, câu chuyện này sẽ còn tiếp tục được theo dõi khi chính sách, thị trường và thói quen người dùng thay đổi. Những mô hình làm tốt có thể trở thành kinh nghiệm cho các đơn vị khác.</p>', 26, 3, 'Thoáng.vn', 'Máy tính bảng, Học tập, Thiết bị số', 'https://images.unsplash.com/photo-1544244015-0df4b3ffc6b0?auto=format&fit=crop&w=1200&q=80', 'Approved', 203, NOW() - INTERVAL 14 DAY, NOW() - INTERVAL 14 DAY, NOW() - INTERVAL 14 DAY),
(38, 'Phụ huynh quan tâm kỹ năng an toàn mạng cho học sinh', 'Các buổi hướng dẫn tập trung vào mật khẩu, quyền riêng tư, nhận diện tin nhắn lừa đảo và ứng xử văn minh trên mạng.', '<p>Bài viết ghi nhận một chuyển động đáng chú ý trong lĩnh vực liên quan, với tác động trực tiếp đến người dân, doanh nghiệp hoặc cộng đồng sử dụng dịch vụ.</p><p>Điểm chung của xu hướng này là nhu cầu ra quyết định dựa trên thông tin rõ ràng hơn. Các bên tham gia không chỉ quan tâm kết quả trước mắt mà còn nhìn vào tính bền vững trong dài hạn.</p><figure class="article-inline-image"><img src="https://images.unsplash.com/photo-1516321318423-f06f85e504b3?auto=format&fit=crop&w=1200&q=80" alt="Học sinh sử dụng máy tính xách tay" loading="lazy"><figcaption>Hình ảnh minh họa được chọn theo đúng chủ đề của bài viết.</figcaption></figure><p>Theo các chuyên gia, yếu tố quan trọng nằm ở cách triển khai cụ thể: dữ liệu cần minh bạch, nguồn lực cần được phân bổ hợp lý và người dùng cuối phải được đặt ở trung tâm.</p><p>Trong thời gian tới, câu chuyện này sẽ còn tiếp tục được theo dõi khi chính sách, thị trường và thói quen người dùng thay đổi. Những mô hình làm tốt có thể trở thành kinh nghiệm cho các đơn vị khác.</p>', 27, 2, 'Thoáng.vn', 'An toàn mạng, Học sinh, Quyền riêng tư', 'https://images.unsplash.com/photo-1516321318423-f06f85e504b3?auto=format&fit=crop&w=1200&q=80', 'Approved', 220, NOW() - INTERVAL 13 DAY, NOW() - INTERVAL 13 DAY, NOW() - INTERVAL 13 DAY),
(39, 'Chợ phiên cuối tuần kết nối nông sản sạch với cư dân đô thị', 'Người tiêu dùng có thêm kênh mua thực phẩm rõ nguồn gốc, trong khi nông hộ tiếp cận trực tiếp khách hàng.', '<p>Bài viết ghi nhận một chuyển động đáng chú ý trong lĩnh vực liên quan, với tác động trực tiếp đến người dân, doanh nghiệp hoặc cộng đồng sử dụng dịch vụ.</p><p>Điểm chung của xu hướng này là nhu cầu ra quyết định dựa trên thông tin rõ ràng hơn. Các bên tham gia không chỉ quan tâm kết quả trước mắt mà còn nhìn vào tính bền vững trong dài hạn.</p><figure class="article-inline-image"><img src="https://images.unsplash.com/photo-1488459716781-31db52582fe9?auto=format&fit=crop&w=1200&q=80" alt="Quầy rau củ tại chợ nông sản" loading="lazy"><figcaption>Hình ảnh minh họa được chọn theo đúng chủ đề của bài viết.</figcaption></figure><p>Theo các chuyên gia, yếu tố quan trọng nằm ở cách triển khai cụ thể: dữ liệu cần minh bạch, nguồn lực cần được phân bổ hợp lý và người dùng cuối phải được đặt ở trung tâm.</p><p>Trong thời gian tới, câu chuyện này sẽ còn tiếp tục được theo dõi khi chính sách, thị trường và thói quen người dùng thay đổi. Những mô hình làm tốt có thể trở thành kinh nghiệm cho các đơn vị khác.</p>', 28, 2, 'Thoáng.vn', 'Gia đình, Nông sản sạch, Chợ phiên', 'https://images.unsplash.com/photo-1488459716781-31db52582fe9?auto=format&fit=crop&w=1200&q=80', 'Approved', 237, NOW() - INTERVAL 12 DAY, NOW() - INTERVAL 12 DAY, NOW() - INTERVAL 12 DAY),
(40, 'Chung cư cũ được cải tạo thành không gian sáng tạo cộng đồng', 'Một số khu nhà cũ thu hút quán cà phê, studio, lớp học nghệ thuật và cửa hàng thủ công nhờ chi phí hợp lý.', '<p>Bài viết ghi nhận một chuyển động đáng chú ý trong lĩnh vực liên quan, với tác động trực tiếp đến người dân, doanh nghiệp hoặc cộng đồng sử dụng dịch vụ.</p><p>Điểm chung của xu hướng này là nhu cầu ra quyết định dựa trên thông tin rõ ràng hơn. Các bên tham gia không chỉ quan tâm kết quả trước mắt mà còn nhìn vào tính bền vững trong dài hạn.</p><figure class="article-inline-image"><img src="https://images.unsplash.com/photo-1494526585095-c41746248156?auto=format&fit=crop&w=1200&q=80" alt="Không gian nhà ở được cải tạo sáng sủa" loading="lazy"><figcaption>Hình ảnh minh họa được chọn theo đúng chủ đề của bài viết.</figcaption></figure><p>Theo các chuyên gia, yếu tố quan trọng nằm ở cách triển khai cụ thể: dữ liệu cần minh bạch, nguồn lực cần được phân bổ hợp lý và người dùng cuối phải được đặt ở trung tâm.</p><p>Trong thời gian tới, câu chuyện này sẽ còn tiếp tục được theo dõi khi chính sách, thị trường và thói quen người dùng thay đổi. Những mô hình làm tốt có thể trở thành kinh nghiệm cho các đơn vị khác.</p>', 29, 3, 'Thoáng.vn', 'Đô thị, Cải tạo, Cộng đồng', 'https://images.unsplash.com/photo-1494526585095-c41746248156?auto=format&fit=crop&w=1200&q=80', 'Approved', 254, NOW() - INTERVAL 11 DAY, NOW() - INTERVAL 11 DAY, NOW() - INTERVAL 11 DAY),
(41, 'Thư viện trường học thiết kế lại để học sinh thích đọc hơn', 'Không gian mở, góc đọc nhóm và hoạt động giới thiệu sách giúp thư viện trở thành nơi học tập chủ động.', '<p>Bài viết ghi nhận một chuyển động đáng chú ý trong lĩnh vực liên quan, với tác động trực tiếp đến người dân, doanh nghiệp hoặc cộng đồng sử dụng dịch vụ.</p><p>Điểm chung của xu hướng này là nhu cầu ra quyết định dựa trên thông tin rõ ràng hơn. Các bên tham gia không chỉ quan tâm kết quả trước mắt mà còn nhìn vào tính bền vững trong dài hạn.</p><figure class="article-inline-image"><img src="https://images.unsplash.com/photo-1507842217343-583bb7270b66?auto=format&fit=crop&w=1200&q=80" alt="Không gian thư viện nhiều kệ sách" loading="lazy"><figcaption>Hình ảnh minh họa được chọn theo đúng chủ đề của bài viết.</figcaption></figure><p>Theo các chuyên gia, yếu tố quan trọng nằm ở cách triển khai cụ thể: dữ liệu cần minh bạch, nguồn lực cần được phân bổ hợp lý và người dùng cuối phải được đặt ở trung tâm.</p><p>Trong thời gian tới, câu chuyện này sẽ còn tiếp tục được theo dõi khi chính sách, thị trường và thói quen người dùng thay đổi. Những mô hình làm tốt có thể trở thành kinh nghiệm cho các đơn vị khác.</p>', 33, 2, 'Thoáng.vn', 'Học đường, Thư viện, Văn hóa đọc', 'https://images.unsplash.com/photo-1507842217343-583bb7270b66?auto=format&fit=crop&w=1200&q=80', 'Approved', 271, NOW() - INTERVAL 10 DAY, NOW() - INTERVAL 10 DAY, NOW() - INTERVAL 10 DAY),
(42, 'Lễ hội âm nhạc ngoài trời chú trọng trải nghiệm an toàn', 'Ban tổ chức bố trí khu y tế, lối thoát hiểm, điểm nước uống và hướng dẫn di chuyển để khán giả theo dõi thuận tiện.', '<p>Bài viết ghi nhận một chuyển động đáng chú ý trong lĩnh vực liên quan, với tác động trực tiếp đến người dân, doanh nghiệp hoặc cộng đồng sử dụng dịch vụ.</p><p>Điểm chung của xu hướng này là nhu cầu ra quyết định dựa trên thông tin rõ ràng hơn. Các bên tham gia không chỉ quan tâm kết quả trước mắt mà còn nhìn vào tính bền vững trong dài hạn.</p><figure class="article-inline-image"><img src="https://images.unsplash.com/photo-1501386761578-eac5c94b800a?auto=format&fit=crop&w=1200&q=80" alt="Sân khấu âm nhạc ngoài trời đông khán giả" loading="lazy"><figcaption>Hình ảnh minh họa được chọn theo đúng chủ đề của bài viết.</figcaption></figure><p>Theo các chuyên gia, yếu tố quan trọng nằm ở cách triển khai cụ thể: dữ liệu cần minh bạch, nguồn lực cần được phân bổ hợp lý và người dùng cuối phải được đặt ở trung tâm.</p><p>Trong thời gian tới, câu chuyện này sẽ còn tiếp tục được theo dõi khi chính sách, thị trường và thói quen người dùng thay đổi. Những mô hình làm tốt có thể trở thành kinh nghiệm cho các đơn vị khác.</p>', 36, 2, 'Thoáng.vn', 'Âm nhạc, Lễ hội, Sự kiện', 'https://images.unsplash.com/photo-1501386761578-eac5c94b800a?auto=format&fit=crop&w=1200&q=80', 'Approved', 288, NOW() - INTERVAL 9 DAY, NOW() - INTERVAL 9 DAY, NOW() - INTERVAL 9 DAY),
(43, 'Nhãn thực phẩm minh bạch giúp người tiêu dùng chọn sản phẩm lành mạnh', 'Việc đọc thành phần, lượng đường và khẩu phần khuyến nghị giúp người mua kiểm soát chế độ ăn tốt hơn.', '<p>Bài viết ghi nhận một chuyển động đáng chú ý trong lĩnh vực liên quan, với tác động trực tiếp đến người dân, doanh nghiệp hoặc cộng đồng sử dụng dịch vụ.</p><p>Điểm chung của xu hướng này là nhu cầu ra quyết định dựa trên thông tin rõ ràng hơn. Các bên tham gia không chỉ quan tâm kết quả trước mắt mà còn nhìn vào tính bền vững trong dài hạn.</p><figure class="article-inline-image"><img src="https://images.unsplash.com/photo-1498837167922-ddd27525d352?auto=format&fit=crop&w=1200&q=80" alt="Người chuẩn bị thực phẩm lành mạnh trong bếp" loading="lazy"><figcaption>Hình ảnh minh họa được chọn theo đúng chủ đề của bài viết.</figcaption></figure><p>Theo các chuyên gia, yếu tố quan trọng nằm ở cách triển khai cụ thể: dữ liệu cần minh bạch, nguồn lực cần được phân bổ hợp lý và người dùng cuối phải được đặt ở trung tâm.</p><p>Trong thời gian tới, câu chuyện này sẽ còn tiếp tục được theo dõi khi chính sách, thị trường và thói quen người dùng thay đổi. Những mô hình làm tốt có thể trở thành kinh nghiệm cho các đơn vị khác.</p>', 37, 3, 'Thoáng.vn', 'Dinh dưỡng, Thực phẩm, Người tiêu dùng', 'https://images.unsplash.com/photo-1498837167922-ddd27525d352?auto=format&fit=crop&w=1200&q=80', 'Approved', 305, NOW() - INTERVAL 11 HOUR, NOW() - INTERVAL 11 HOUR, NOW() - INTERVAL 11 HOUR),
(44, 'Bệnh viện thử nghiệm kiosk tự phục vụ để giảm thời gian chờ', 'Người bệnh có thể xác nhận lịch hẹn, lấy số thứ tự và thanh toán một số chi phí cơ bản ngay tại sảnh.', '<p>Bài viết ghi nhận một chuyển động đáng chú ý trong lĩnh vực liên quan, với tác động trực tiếp đến người dân, doanh nghiệp hoặc cộng đồng sử dụng dịch vụ.</p><p>Điểm chung của xu hướng này là nhu cầu ra quyết định dựa trên thông tin rõ ràng hơn. Các bên tham gia không chỉ quan tâm kết quả trước mắt mà còn nhìn vào tính bền vững trong dài hạn.</p><figure class="article-inline-image"><img src="https://images.unsplash.com/photo-1586773860418-d37222d8fce3?auto=format&fit=crop&w=1200&q=80" alt="Hành lang bệnh viện sạch sáng" loading="lazy"><figcaption>Hình ảnh minh họa được chọn theo đúng chủ đề của bài viết.</figcaption></figure><p>Theo các chuyên gia, yếu tố quan trọng nằm ở cách triển khai cụ thể: dữ liệu cần minh bạch, nguồn lực cần được phân bổ hợp lý và người dùng cuối phải được đặt ở trung tâm.</p><p>Trong thời gian tới, câu chuyện này sẽ còn tiếp tục được theo dõi khi chính sách, thị trường và thói quen người dùng thay đổi. Những mô hình làm tốt có thể trở thành kinh nghiệm cho các đơn vị khác.</p>', 38, 2, 'Thoáng.vn', 'Y tế số, Bệnh viện, Tự phục vụ', 'https://images.unsplash.com/photo-1586773860418-d37222d8fce3?auto=format&fit=crop&w=1200&q=80', 'Approved', 62, NOW() - INTERVAL 9 HOUR, NOW() - INTERVAL 9 HOUR, NOW() - INTERVAL 9 HOUR),
(45, 'Tour xe đạp khám phá vùng quê được khách trẻ yêu thích', 'Lịch trình chậm, gần thiên nhiên và tương tác với người dân địa phương tạo cảm giác khác biệt so với tour truyền thống.', '<p>Bài viết ghi nhận một chuyển động đáng chú ý trong lĩnh vực liên quan, với tác động trực tiếp đến người dân, doanh nghiệp hoặc cộng đồng sử dụng dịch vụ.</p><p>Điểm chung của xu hướng này là nhu cầu ra quyết định dựa trên thông tin rõ ràng hơn. Các bên tham gia không chỉ quan tâm kết quả trước mắt mà còn nhìn vào tính bền vững trong dài hạn.</p><figure class="article-inline-image"><img src="https://images.unsplash.com/photo-1485965120184-e220f721d03e?auto=format&fit=crop&w=1200&q=80" alt="Xe đạp trên cung đường thiên nhiên" loading="lazy"><figcaption>Hình ảnh minh họa được chọn theo đúng chủ đề của bài viết.</figcaption></figure><p>Theo các chuyên gia, yếu tố quan trọng nằm ở cách triển khai cụ thể: dữ liệu cần minh bạch, nguồn lực cần được phân bổ hợp lý và người dùng cuối phải được đặt ở trung tâm.</p><p>Trong thời gian tới, câu chuyện này sẽ còn tiếp tục được theo dõi khi chính sách, thị trường và thói quen người dùng thay đổi. Những mô hình làm tốt có thể trở thành kinh nghiệm cho các đơn vị khác.</p>', 40, 2, 'Thoáng.vn', 'Du lịch trong nước, Xe đạp, Trải nghiệm', 'https://images.unsplash.com/photo-1485965120184-e220f721d03e?auto=format&fit=crop&w=1200&q=80', 'Approved', 79, NOW() - INTERVAL 7 HOUR, NOW() - INTERVAL 7 HOUR, NOW() - INTERVAL 7 HOUR),
(46, 'Du khách lên kế hoạch du lịch mùa thu sớm để tối ưu chi phí', 'Việc đặt vé, khách sạn và lịch tham quan trước giúp nhóm gia đình chủ động hơn trước mùa cao điểm.', '<p>Bài viết ghi nhận một chuyển động đáng chú ý trong lĩnh vực liên quan, với tác động trực tiếp đến người dân, doanh nghiệp hoặc cộng đồng sử dụng dịch vụ.</p><p>Điểm chung của xu hướng này là nhu cầu ra quyết định dựa trên thông tin rõ ràng hơn. Các bên tham gia không chỉ quan tâm kết quả trước mắt mà còn nhìn vào tính bền vững trong dài hạn.</p><figure class="article-inline-image"><img src="https://images.unsplash.com/photo-1507525428034-b723cf961d3e?auto=format&fit=crop&w=1200&q=80" alt="Bãi biển xanh trong ngày nắng" loading="lazy"><figcaption>Hình ảnh minh họa được chọn theo đúng chủ đề của bài viết.</figcaption></figure><p>Theo các chuyên gia, yếu tố quan trọng nằm ở cách triển khai cụ thể: dữ liệu cần minh bạch, nguồn lực cần được phân bổ hợp lý và người dùng cuối phải được đặt ở trung tâm.</p><p>Trong thời gian tới, câu chuyện này sẽ còn tiếp tục được theo dõi khi chính sách, thị trường và thói quen người dùng thay đổi. Những mô hình làm tốt có thể trở thành kinh nghiệm cho các đơn vị khác.</p>', 41, 3, 'Thoáng.vn', 'Du lịch quốc tế, Kế hoạch, Chi phí', 'https://images.unsplash.com/photo-1507525428034-b723cf961d3e?auto=format&fit=crop&w=1200&q=80', 'Approved', 96, NOW() - INTERVAL 5 HOUR, NOW() - INTERVAL 5 HOUR, NOW() - INTERVAL 5 HOUR),
(47, 'Món ăn địa phương được kể lại bằng câu chuyện nguyên liệu', 'Các đầu bếp trẻ kết hợp kỹ thuật hiện đại với sản vật vùng miền để tạo trải nghiệm ẩm thực có chiều sâu.', '<p>Bài viết ghi nhận một chuyển động đáng chú ý trong lĩnh vực liên quan, với tác động trực tiếp đến người dân, doanh nghiệp hoặc cộng đồng sử dụng dịch vụ.</p><p>Điểm chung của xu hướng này là nhu cầu ra quyết định dựa trên thông tin rõ ràng hơn. Các bên tham gia không chỉ quan tâm kết quả trước mắt mà còn nhìn vào tính bền vững trong dài hạn.</p><figure class="article-inline-image"><img src="https://images.unsplash.com/photo-1555939594-58d7cb561ad1?auto=format&fit=crop&w=1200&q=80" alt="Đĩa món ăn được trình bày đẹp" loading="lazy"><figcaption>Hình ảnh minh họa được chọn theo đúng chủ đề của bài viết.</figcaption></figure><p>Theo các chuyên gia, yếu tố quan trọng nằm ở cách triển khai cụ thể: dữ liệu cần minh bạch, nguồn lực cần được phân bổ hợp lý và người dùng cuối phải được đặt ở trung tâm.</p><p>Trong thời gian tới, câu chuyện này sẽ còn tiếp tục được theo dõi khi chính sách, thị trường và thói quen người dùng thay đổi. Những mô hình làm tốt có thể trở thành kinh nghiệm cho các đơn vị khác.</p>', 42, 2, 'Thoáng.vn', 'Ẩm thực, Nguyên liệu địa phương, Đầu bếp trẻ', 'https://images.unsplash.com/photo-1555939594-58d7cb561ad1?auto=format&fit=crop&w=1200&q=80', 'Approved', 113, NOW() - INTERVAL 3 HOUR, NOW() - INTERVAL 3 HOUR, NOW() - INTERVAL 3 HOUR),
(48, 'Cộng đồng tình nguyện dùng bản đồ số để hỗ trợ người gặp khó khăn', 'Các nhóm thiện nguyện cập nhật điểm phát cơm, tủ đồ miễn phí và địa chỉ hỗ trợ khẩn cấp trên nền tảng trực tuyến.', '<p>Bài viết ghi nhận một chuyển động đáng chú ý trong lĩnh vực liên quan, với tác động trực tiếp đến người dân, doanh nghiệp hoặc cộng đồng sử dụng dịch vụ.</p><p>Điểm chung của xu hướng này là nhu cầu ra quyết định dựa trên thông tin rõ ràng hơn. Các bên tham gia không chỉ quan tâm kết quả trước mắt mà còn nhìn vào tính bền vững trong dài hạn.</p><figure class="article-inline-image"><img src="https://images.unsplash.com/photo-1559027615-cd4628902d4a?auto=format&fit=crop&w=1200&q=80" alt="Nhóm tình nguyện viên chuẩn bị đồ hỗ trợ" loading="lazy"><figcaption>Hình ảnh minh họa được chọn theo đúng chủ đề của bài viết.</figcaption></figure><p>Theo các chuyên gia, yếu tố quan trọng nằm ở cách triển khai cụ thể: dữ liệu cần minh bạch, nguồn lực cần được phân bổ hợp lý và người dùng cuối phải được đặt ở trung tâm.</p><p>Trong thời gian tới, câu chuyện này sẽ còn tiếp tục được theo dõi khi chính sách, thị trường và thói quen người dùng thay đổi. Những mô hình làm tốt có thể trở thành kinh nghiệm cho các đơn vị khác.</p>', 11, 2, 'Thoáng.vn', 'Cộng đồng, Bản đồ số, Tình nguyện', 'https://images.unsplash.com/photo-1559027615-cd4628902d4a?auto=format&fit=crop&w=1200&q=80', 'Approved', 130, NOW() - INTERVAL 2 HOUR, NOW() - INTERVAL 2 HOUR, NOW() - INTERVAL 2 HOUR),
(49, 'Quy hoạch không gian xanh giúp thành phố thích ứng nắng nóng', 'Cây xanh, mặt nước và vật liệu lát đường phù hợp có thể giảm nhiệt đô thị và cải thiện chất lượng sống.', '<p>Bài viết ghi nhận một chuyển động đáng chú ý trong lĩnh vực liên quan, với tác động trực tiếp đến người dân, doanh nghiệp hoặc cộng đồng sử dụng dịch vụ.</p><p>Điểm chung của xu hướng này là nhu cầu ra quyết định dựa trên thông tin rõ ràng hơn. Các bên tham gia không chỉ quan tâm kết quả trước mắt mà còn nhìn vào tính bền vững trong dài hạn.</p><figure class="article-inline-image"><img src="https://images.unsplash.com/photo-1449824913935-59a10b8d2000?auto=format&fit=crop&w=1200&q=80" alt="Đường phố có nhiều cây xanh" loading="lazy"><figcaption>Hình ảnh minh họa được chọn theo đúng chủ đề của bài viết.</figcaption></figure><p>Theo các chuyên gia, yếu tố quan trọng nằm ở cách triển khai cụ thể: dữ liệu cần minh bạch, nguồn lực cần được phân bổ hợp lý và người dùng cuối phải được đặt ở trung tâm.</p><p>Trong thời gian tới, câu chuyện này sẽ còn tiếp tục được theo dõi khi chính sách, thị trường và thói quen người dùng thay đổi. Những mô hình làm tốt có thể trở thành kinh nghiệm cho các đơn vị khác.</p>', 29, 3, 'Thoáng.vn', 'Đô thị, Không gian xanh, Nắng nóng', 'https://images.unsplash.com/photo-1449824913935-59a10b8d2000?auto=format&fit=crop&w=1200&q=80', 'Approved', 147, NOW() - INTERVAL 45 MINUTE, NOW() - INTERVAL 45 MINUTE, NOW() - INTERVAL 45 MINUTE),
(50, 'Podcast giáo dục giúp người đi làm học kỹ năng trong lúc di chuyển', 'Nội dung âm thanh ngắn về quản lý thời gian, ngoại ngữ và tài chính cá nhân phù hợp với lịch trình bận rộn.', '<p>Bài viết ghi nhận một chuyển động đáng chú ý trong lĩnh vực liên quan, với tác động trực tiếp đến người dân, doanh nghiệp hoặc cộng đồng sử dụng dịch vụ.</p><p>Điểm chung của xu hướng này là nhu cầu ra quyết định dựa trên thông tin rõ ràng hơn. Các bên tham gia không chỉ quan tâm kết quả trước mắt mà còn nhìn vào tính bền vững trong dài hạn.</p><figure class="article-inline-image"><img src="https://images.unsplash.com/photo-1478737270239-2f02b77fc618?auto=format&fit=crop&w=1200&q=80" alt="Micro thu âm podcast trong phòng studio" loading="lazy"><figcaption>Hình ảnh minh họa được chọn theo đúng chủ đề của bài viết.</figcaption></figure><p>Theo các chuyên gia, yếu tố quan trọng nằm ở cách triển khai cụ thể: dữ liệu cần minh bạch, nguồn lực cần được phân bổ hợp lý và người dùng cuối phải được đặt ở trung tâm.</p><p>Trong thời gian tới, câu chuyện này sẽ còn tiếp tục được theo dõi khi chính sách, thị trường và thói quen người dùng thay đổi. Những mô hình làm tốt có thể trở thành kinh nghiệm cho các đơn vị khác.</p>', 32, 2, 'Thoáng.vn', 'Kỹ năng, Podcast, Học suốt đời', 'https://images.unsplash.com/photo-1478737270239-2f02b77fc618?auto=format&fit=crop&w=1200&q=80', 'Approved', 164, NOW() - INTERVAL 15 MINUTE, NOW() - INTERVAL 15 MINUTE, NOW() - INTERVAL 15 MINUTE);

ALTER TABLE articles AUTO_INCREMENT = 51;

INSERT INTO comments (article_id, user_id, content, created_at) VALUES
(1, 4, 'Bài viết giải thích dễ hiểu, phần liên thông dữ liệu công rất sát nhu cầu thực tế.', NOW() - INTERVAL 8 DAY),
(8, 5, 'Mình thích cách bài viết nói rõ cả lợi ích và rủi ro khi dùng ngân hàng số.', NOW() - INTERVAL 7 DAY),
(11, 4, 'Bóng đá trẻ cần thêm thời gian thi đấu thật, hy vọng các câu lạc bộ duy trì hướng này.', NOW() - INTERVAL 6 DAY),
(14, 5, 'AI trong chăm sóc khách hàng hữu ích nhưng đúng là vẫn cần người kiểm soát.', NOW() - INTERVAL 5 DAY),
(25, 4, 'Hội sách cuối tuần là chủ đề hay, ảnh minh họa rất hợp không khí bài viết.', NOW() - INTERVAL 4 DAY),
(28, 5, 'Các ứng dụng y tế số nếu làm tốt sẽ tiết kiệm rất nhiều thời gian cho người bệnh.', NOW() - INTERVAL 3 DAY),
(40, 4, 'Bài về thư viện trường học gợi ý khá thiết thực cho học sinh.', NOW() - INTERVAL 2 DAY),
(50, 5, 'Nội dung kiểm chứng tin sức khỏe rất cần trong các nhóm chat gia đình.', NOW() - INTERVAL 15 MINUTE);

INSERT INTO bookmarks (session_id, article_id, user_id, created_at) VALUES
('sample-session-a', 1, NULL, NOW() - INTERVAL 9 DAY),
('sample-session-a', 14, NULL, NOW() - INTERVAL 8 DAY),
('sample-session-a', 31, NULL, NOW() - INTERVAL 7 DAY),
('sample-session-b', 8, 4, NOW() - INTERVAL 6 DAY),
('sample-session-b', 22, 4, NOW() - INTERVAL 5 DAY),
('sample-session-c', 28, 5, NOW() - INTERVAL 4 DAY),
('sample-session-c', 45, 5, NOW() - INTERVAL 3 DAY);

INSERT INTO feedback (user_id, sender_email, subject, message, status, admin_reply, replied_at, created_at) VALUES
(4, 'user@thoang.vn', 'Góp ý danh mục', 'Menu danh mục có dropdown dễ xem hơn, mong thêm nhiều bài về công nghệ.', 'replied', 'Cảm ơn bạn, ban biên tập sẽ cập nhật thêm nội dung công nghệ mỗi tuần.', NOW() - INTERVAL 2 DAY, NOW() - INTERVAL 5 DAY),
(5, 'reader@thoang.vn', 'Góp ý hình ảnh', 'Ảnh minh họa bài viết khá hợp nội dung, trang tải nhanh.', 'pending', NULL, NULL, NOW() - INTERVAL 1 DAY);

INSERT INTO about_sections (section_key, section_data, updated_by) VALUES
('hero', '{"eyebrow":"Về chúng tôi","title":"Tin tức thời <em>thoáng qua,</em><br>kiến thức ở lại.","lead":"Thoáng.vn là ứng dụng đọc tin hiện đại, giúp bạn nắm bắt thông tin quan trọng trong khoảng 30 giây."}', 1),
('stats', '[{"num":"30","unit":"s","label":"Thời gian đọc mỗi tin"},{"num":"10","unit":"+","label":"Nhóm chủ đề chính"},{"num":"50","unit":"+","label":"Bài viết mẫu logic"},{"num":"100","unit":"%","label":"Tối ưu cho đọc nhanh"}]', 1),
('mission', '{"quote":"Mỗi người xứng đáng được tiếp cận thông tin rõ ràng, trung thực và nhanh chóng.","body":"Thoáng.vn ra đời để giúp người đọc nắm điều cốt lõi của tin tức nhanh hơn, rõ hơn và ít bị phân tâm hơn."}', 1),
('values', '[{"icon":"bi-lightning-charge","title":"Nhanh mà không nông","desc":"Cô đọng nhưng vẫn giữ ngữ cảnh cần thiết."},{"icon":"bi-shield-check","title":"Trung thực trước tiên","desc":"Tin tức có nguồn rõ ràng và được trình bày có trách nhiệm."},{"icon":"bi-person-heart","title":"Người dùng làm trọng tâm","desc":"Trải nghiệm đọc nhẹ nhàng, dễ lướt và dễ lưu lại."}]', 1),
('story', '[{"title":"Bắt đầu từ nhu cầu đọc nhanh","desc":"Nhóm xây dựng một cách đọc tin phù hợp với nhịp sống bận rộn."},{"title":"Ý tưởng về thoáng","desc":"Tin tức được trình bày theo cách dễ lướt, dễ hiểu và dễ lưu lại."},{"title":"Xây dựng cho người Việt","desc":"Tối ưu cho thói quen đọc tin trên điện thoại và các khoảng thời gian ngắn."}]', 1),
('features', '[{"icon":"bi-hand-index","text":"Lướt để đọc tin nhanh"},{"icon":"bi-clock","text":"Đọc trong 30 giây"},{"icon":"bi-funnel","text":"Lọc theo chủ đề"},{"icon":"bi-bookmark-check","text":"Lưu tin quan trọng"}]', 1),
('team', '[{"initials":"NK","name":"Nguyễn Khánh Hoàng","role":"Frontend Developer"},{"initials":"HN","name":"Hứa Đức Nghĩa","role":"Backend Developer"},{"initials":"LV","name":"Lê Hoàng Việt","role":"UI/UX Designer"},{"initials":"MT","name":"Nguyễn Kiều Minh Trí","role":"Content & SEO"}]', 1),
('cta', '{"title":"Thoáng qua là nắm ngay.","desc":"Hãy thử một lần đọc tin theo cách khác: nhanh hơn, rõ hơn, ít nhiễu hơn.","btn1_text":"Đọc tin ngay","btn1_url":"index.php","btn2_text":"Gửi góp ý","btn2_url":"#"}', 1);

COMMIT;
