-- --------------------------------------------------------
-- Host:                         thoang-vn-thoangvn83.l.aivencloud.com
-- Server version:               8.4.8 - Source distribution
-- Server OS:                    Linux
-- HeidiSQL Version:             12.17.0.7270
-- --------------------------------------------------------

/*!40101 SET @OLD_CHARACTER_SET_CLIENT=@@CHARACTER_SET_CLIENT */;
/*!40101 SET NAMES utf8 */;
/*!50503 SET NAMES utf8mb4 */;
/*!40103 SET @OLD_TIME_ZONE=@@TIME_ZONE */;
/*!40103 SET TIME_ZONE='+00:00' */;
/*!40014 SET @OLD_FOREIGN_KEY_CHECKS=@@FOREIGN_KEY_CHECKS, FOREIGN_KEY_CHECKS=0 */;
/*!40101 SET @OLD_SQL_MODE=@@SQL_MODE, SQL_MODE='NO_AUTO_VALUE_ON_ZERO' */;
/*!40111 SET @OLD_SQL_NOTES=@@SQL_NOTES, SQL_NOTES=0 */;

-- Dumping structure for table thoang_vn.about_sections
CREATE TABLE IF NOT EXISTS `about_sections` (
  `id` int NOT NULL AUTO_INCREMENT,
  `section_key` varchar(50) COLLATE utf8mb4_unicode_ci NOT NULL,
  `section_data` longtext COLLATE utf8mb4_unicode_ci NOT NULL,
  `updated_at` timestamp NULL DEFAULT CURRENT_TIMESTAMP ON UPDATE CURRENT_TIMESTAMP,
  `updated_by` int DEFAULT NULL,
  PRIMARY KEY (`id`),
  UNIQUE KEY `section_key` (`section_key`),
  KEY `idx_about_updated_by` (`updated_by`),
  CONSTRAINT `fk_about_users` FOREIGN KEY (`updated_by`) REFERENCES `users` (`id`) ON DELETE SET NULL ON UPDATE CASCADE
) ENGINE=InnoDB AUTO_INCREMENT=9 DEFAULT CHARSET=utf8mb4 COLLATE=utf8mb4_unicode_ci;

-- Dumping data for table thoang_vn.about_sections: ~8 rows (approximately)
DELETE FROM `about_sections`;
INSERT INTO `about_sections` (`id`, `section_key`, `section_data`, `updated_at`, `updated_by`) VALUES
	(1, 'hero', '{"eyebrow":"Về chúng tôi","title":"Tin tức thời <em>thoáng qua,</em><br>kiến thức ở lại.","lead":"Thoáng.vn là ứng dụng đọc tin hiện đại, giúp bạn nắm bắt thông tin quan trọng trong khoảng 30 giây."}', '2026-05-30 05:17:23', 1),
	(2, 'stats', '[{"num":"30","unit":"s","label":"Thời gian đọc mỗi tin"},{"num":"10","unit":"+","label":"Nhóm chủ đề chính"},{"num":"50","unit":"+","label":"Bài viết mẫu logic"},{"num":"100","unit":"%","label":"Tối ưu cho đọc nhanh"}]', '2026-05-30 05:17:23', 1),
	(3, 'mission', '{"quote":"Mỗi người xứng đáng được tiếp cận thông tin rõ ràng, trung thực và nhanh chóng.","body":"Thoáng.vn ra đời để giúp người đọc nắm điều cốt lõi của tin tức nhanh hơn, rõ hơn và ít bị phân tâm hơn."}', '2026-05-30 05:17:23', 1),
	(4, 'values', '[{"icon":"bi-lightning-charge","title":"Nhanh mà không nông","desc":"Cô đọng nhưng vẫn giữ ngữ cảnh cần thiết."},{"icon":"bi-shield-check","title":"Trung thực trước tiên","desc":"Tin tức có nguồn rõ ràng và được trình bày có trách nhiệm."},{"icon":"bi-person-heart","title":"Người dùng làm trọng tâm","desc":"Trải nghiệm đọc nhẹ nhàng, dễ lướt và dễ lưu lại."}]', '2026-05-30 05:17:23', 1),
	(5, 'story', '[{"title":"Bắt đầu từ nhu cầu đọc nhanh","desc":"Nhóm xây dựng một cách đọc tin phù hợp với nhịp sống bận rộn."},{"title":"Ý tưởng về thoáng","desc":"Tin tức được trình bày theo cách dễ lướt, dễ hiểu và dễ lưu lại."},{"title":"Xây dựng cho người Việt","desc":"Tối ưu cho thói quen đọc tin trên điện thoại và các khoảng thời gian ngắn."}]', '2026-05-30 05:17:23', 1),
	(6, 'features', '[{"icon":"bi-hand-index","text":"Lướt để đọc tin nhanh"},{"icon":"bi-clock","text":"Đọc trong 30 giây"},{"icon":"bi-funnel","text":"Lọc theo chủ đề"},{"icon":"bi-bookmark-check","text":"Lưu tin quan trọng"}]', '2026-05-30 05:17:23', 1),
	(7, 'team', '[{"initials":"NK","name":"Nguyễn Khánh Hoàng","role":"Frontend Developer"},{"initials":"HN","name":"Hứa Đức Nghĩa","role":"Backend Developer"},{"initials":"LV","name":"Lê Hoàng Việt","role":"UI/UX Designer"},{"initials":"MT","name":"Nguyễn Kiều Minh Trí","role":"Content & SEO"}]', '2026-05-30 05:17:23', 1),
	(8, 'cta', '{"title":"Thoáng qua là nắm ngay.","desc":"Hãy thử một lần đọc tin theo cách khác: nhanh hơn, rõ hơn, ít nhiễu hơn.","btn1_text":"Đọc tin ngay","btn1_url":"index.php","btn2_text":"Gửi góp ý","btn2_url":"#"}', '2026-05-30 05:17:23', 1);

-- Dumping structure for table thoang_vn.articles
CREATE TABLE IF NOT EXISTS `articles` (
  `id` int NOT NULL AUTO_INCREMENT,
  `title` varchar(255) COLLATE utf8mb4_unicode_ci NOT NULL,
  `summary` text COLLATE utf8mb4_unicode_ci NOT NULL,
  `content` longtext COLLATE utf8mb4_unicode_ci,
  `category_id` int NOT NULL,
  `author_id` int DEFAULT NULL,
  `source` varchar(100) COLLATE utf8mb4_unicode_ci DEFAULT NULL,
  `tags` varchar(255) COLLATE utf8mb4_unicode_ci DEFAULT NULL,
  `image_url` varchar(500) COLLATE utf8mb4_unicode_ci DEFAULT NULL,
  `status` varchar(50) COLLATE utf8mb4_unicode_ci NOT NULL DEFAULT 'request',
  `view_count` int DEFAULT '0',
  `created_at` timestamp NOT NULL DEFAULT CURRENT_TIMESTAMP,
  `updated_at` timestamp NOT NULL DEFAULT CURRENT_TIMESTAMP ON UPDATE CURRENT_TIMESTAMP,
  `published_at` timestamp NULL DEFAULT NULL,
  PRIMARY KEY (`id`),
  KEY `idx_articles_category` (`category_id`),
  KEY `idx_articles_author_status` (`author_id`,`status`),
  CONSTRAINT `fk_articles_author` FOREIGN KEY (`author_id`) REFERENCES `users` (`id`) ON DELETE SET NULL ON UPDATE CASCADE,
  CONSTRAINT `fk_articles_categories` FOREIGN KEY (`category_id`) REFERENCES `categories` (`id`) ON DELETE RESTRICT ON UPDATE CASCADE
) ENGINE=InnoDB AUTO_INCREMENT=52 DEFAULT CHARSET=utf8mb4 COLLATE=utf8mb4_unicode_ci;

-- Dumping data for table thoang_vn.articles: ~51 rows (approximately)
DELETE FROM `articles`;
INSERT INTO `articles` (`id`, `title`, `summary`, `content`, `category_id`, `author_id`, `source`, `tags`, `image_url`, `status`, `view_count`, `created_at`, `updated_at`, `published_at`) VALUES
	(1, 'Hội nghị chuyển đổi số địa phương đặt mục tiêu liên thông dữ liệu công', 'Các địa phương ưu tiên kết nối dữ liệu dân cư, thủ tục hành chính và dịch vụ công để giảm thời gian xử lý hồ sơ.', '<p>Bài viết ghi nhận một chuyển động đáng chú ý trong lĩnh vực liên quan, với tác động trực tiếp đến người dân, doanh nghiệp hoặc cộng đồng sử dụng dịch vụ.</p><p>Điểm chung của xu hướng này là nhu cầu ra quyết định dựa trên thông tin rõ ràng hơn. Các bên tham gia không chỉ quan tâm kết quả trước mắt mà còn nhìn vào tính bền vững trong dài hạn.</p><figure class="article-inline-image"><img src="https://images.unsplash.com/photo-1497366754035-f200968a6e72?auto=format&fit=crop&w=1200&q=80" alt="Phòng họp hiện đại với màn hình trình chiếu" loading="lazy"><figcaption>Hình ảnh minh họa được chọn theo đúng chủ đề của bài viết.</figcaption></figure><p>Theo các chuyên gia, yếu tố quan trọng nằm ở cách triển khai cụ thể: dữ liệu cần minh bạch, nguồn lực cần được phân bổ hợp lý và người dùng cuối phải được đặt ở trung tâm.</p><p>Trong thời gian tới, câu chuyện này sẽ còn tiếp tục được theo dõi khi chính sách, thị trường và thói quen người dùng thay đổi. Những mô hình làm tốt có thể trở thành kinh nghiệm cho các đơn vị khác.</p>', 12, 3, 'Thoáng.vn', 'Chính quyền số, Dữ liệu công, Dịch vụ công', 'https://images.unsplash.com/photo-1497366754035-f200968a6e72?auto=format&fit=crop&w=1200&q=80', 'Approved', 118, '2026-04-10 05:17:21', '2026-05-30 08:36:29', '2026-04-10 05:17:21'),
	(2, 'Đợt sinh hoạt chuyên đề nhấn mạnh trách nhiệm nêu gương của cán bộ trẻ', 'Các chi bộ cơ sở tập trung thảo luận về kỷ luật công vụ, đạo đức nghề nghiệp và tinh thần phục vụ người dân.', '<p>Bài viết ghi nhận một chuyển động đáng chú ý trong lĩnh vực liên quan, với tác động trực tiếp đến người dân, doanh nghiệp hoặc cộng đồng sử dụng dịch vụ.</p><p>Điểm chung của xu hướng này là nhu cầu ra quyết định dựa trên thông tin rõ ràng hơn. Các bên tham gia không chỉ quan tâm kết quả trước mắt mà còn nhìn vào tính bền vững trong dài hạn.</p><figure class="article-inline-image"><img src="https://images.unsplash.com/photo-1517048676732-d65bc937f952?auto=format&fit=crop&w=1200&q=80" alt="Nhóm người thảo luận trong phòng họp" loading="lazy"><figcaption>Hình ảnh minh họa được chọn theo đúng chủ đề của bài viết.</figcaption></figure><p>Theo các chuyên gia, yếu tố quan trọng nằm ở cách triển khai cụ thể: dữ liệu cần minh bạch, nguồn lực cần được phân bổ hợp lý và người dùng cuối phải được đặt ở trung tâm.</p><p>Trong thời gian tới, câu chuyện này sẽ còn tiếp tục được theo dõi khi chính sách, thị trường và thói quen người dùng thay đổi. Những mô hình làm tốt có thể trở thành kinh nghiệm cho các đơn vị khác.</p>', 13, 2, 'Thoáng.vn', 'Xây dựng Đảng, Cán bộ trẻ, Công vụ', 'https://images.unsplash.com/photo-1517048676732-d65bc937f952?auto=format&fit=crop&w=1200&q=80', 'Approved', 135, '2026-04-11 05:17:21', '2026-05-31 12:27:01', '2026-04-11 05:17:21'),
	(3, 'Ngoại giao kinh tế mở thêm cơ hội cho doanh nghiệp xuất khẩu xanh', 'Các chương trình kết nối thị trường giúp doanh nghiệp nắm yêu cầu mới về tiêu chuẩn môi trường và chuỗi cung ứng.', '<p>Bài viết ghi nhận một chuyển động đáng chú ý trong lĩnh vực liên quan, với tác động trực tiếp đến người dân, doanh nghiệp hoặc cộng đồng sử dụng dịch vụ.</p><p>Điểm chung của xu hướng này là nhu cầu ra quyết định dựa trên thông tin rõ ràng hơn. Các bên tham gia không chỉ quan tâm kết quả trước mắt mà còn nhìn vào tính bền vững trong dài hạn.</p><figure class="article-inline-image"><img src="https://images.unsplash.com/photo-1521791136064-7986c2920216?auto=format&fit=crop&w=1200&q=80" alt="Đại diện doanh nghiệp bắt tay trong cuộc gặp quốc tế" loading="lazy"><figcaption>Hình ảnh minh họa được chọn theo đúng chủ đề của bài viết.</figcaption></figure><p>Theo các chuyên gia, yếu tố quan trọng nằm ở cách triển khai cụ thể: dữ liệu cần minh bạch, nguồn lực cần được phân bổ hợp lý và người dùng cuối phải được đặt ở trung tâm.</p><p>Trong thời gian tới, câu chuyện này sẽ còn tiếp tục được theo dõi khi chính sách, thị trường và thói quen người dùng thay đổi. Những mô hình làm tốt có thể trở thành kinh nghiệm cho các đơn vị khác.</p>', 14, 2, 'Thoáng.vn', 'Đối ngoại, Xuất khẩu, Kinh tế xanh', 'https://images.unsplash.com/photo-1521791136064-7986c2920216?auto=format&fit=crop&w=1200&q=80', 'Approved', 146, '2026-04-12 05:17:21', '2026-05-30 05:21:27', '2026-04-12 05:17:21'),
	(4, 'Diễn tập cứu hộ trên biển tăng khả năng phối hợp trong tình huống khẩn cấp', 'Lực lượng chức năng rèn quy trình liên lạc, tiếp cận tàu gặp nạn và sơ cứu người bị thương trên biển.', '<p>Bài viết ghi nhận một chuyển động đáng chú ý trong lĩnh vực liên quan, với tác động trực tiếp đến người dân, doanh nghiệp hoặc cộng đồng sử dụng dịch vụ.</p><p>Điểm chung của xu hướng này là nhu cầu ra quyết định dựa trên thông tin rõ ràng hơn. Các bên tham gia không chỉ quan tâm kết quả trước mắt mà còn nhìn vào tính bền vững trong dài hạn.</p><figure class="article-inline-image"><img src="https://images.unsplash.com/photo-1500530855697-b586d89ba3ee?auto=format&fit=crop&w=1200&q=80" alt="Tàu di chuyển trên mặt nước trong điều kiện sáng rõ" loading="lazy"><figcaption>Hình ảnh minh họa được chọn theo đúng chủ đề của bài viết.</figcaption></figure><p>Theo các chuyên gia, yếu tố quan trọng nằm ở cách triển khai cụ thể: dữ liệu cần minh bạch, nguồn lực cần được phân bổ hợp lý và người dùng cuối phải được đặt ở trung tâm.</p><p>Trong thời gian tới, câu chuyện này sẽ còn tiếp tục được theo dõi khi chính sách, thị trường và thói quen người dùng thay đổi. Những mô hình làm tốt có thể trở thành kinh nghiệm cho các đơn vị khác.</p>', 15, 3, 'Thoáng.vn', 'Quốc phòng, Cứu hộ, Biển đảo', 'https://images.unsplash.com/photo-1500530855697-b586d89ba3ee?auto=format&fit=crop&w=1200&q=80', 'Approved', 163, '2026-04-13 05:17:21', '2026-05-30 08:42:35', '2026-04-13 05:17:21'),
	(5, 'Chuỗi cung ứng bán dẫn châu Á dịch chuyển theo hướng đa trung tâm', 'Nhiều nền kinh tế trong khu vực đầu tư mạnh vào đào tạo kỹ sư, hạ tầng khu công nghiệp và chính sách thu hút nhà sản xuất.', '<p>Bài viết ghi nhận một chuyển động đáng chú ý trong lĩnh vực liên quan, với tác động trực tiếp đến người dân, doanh nghiệp hoặc cộng đồng sử dụng dịch vụ.</p><p>Điểm chung của xu hướng này là nhu cầu ra quyết định dựa trên thông tin rõ ràng hơn. Các bên tham gia không chỉ quan tâm kết quả trước mắt mà còn nhìn vào tính bền vững trong dài hạn.</p><figure class="article-inline-image"><img src="https://images.unsplash.com/photo-1518770660439-4636190af475?auto=format&fit=crop&w=1200&q=80" alt="Bo mạch điện tử cận cảnh" loading="lazy"><figcaption>Hình ảnh minh họa được chọn theo đúng chủ đề của bài viết.</figcaption></figure><p>Theo các chuyên gia, yếu tố quan trọng nằm ở cách triển khai cụ thể: dữ liệu cần minh bạch, nguồn lực cần được phân bổ hợp lý và người dùng cuối phải được đặt ở trung tâm.</p><p>Trong thời gian tới, câu chuyện này sẽ còn tiếp tục được theo dõi khi chính sách, thị trường và thói quen người dùng thay đổi. Những mô hình làm tốt có thể trở thành kinh nghiệm cho các đơn vị khác.</p>', 16, 2, 'Thoáng.vn', 'Châu Á, Bán dẫn, Chuỗi cung ứng', 'https://images.unsplash.com/photo-1518770660439-4636190af475?auto=format&fit=crop&w=1200&q=80', 'Approved', 179, '2026-04-14 05:17:21', '2026-04-14 05:17:21', '2026-04-14 05:17:21'),
	(6, 'Các thành phố châu Âu mở rộng vùng giao thông phát thải thấp', 'Chính sách hạn chế xe phát thải cao đi kèm đầu tư xe buýt điện, làn xe đạp và hạ tầng đi bộ an toàn.', '<p>Bài viết ghi nhận một chuyển động đáng chú ý trong lĩnh vực liên quan, với tác động trực tiếp đến người dân, doanh nghiệp hoặc cộng đồng sử dụng dịch vụ.</p><p>Điểm chung của xu hướng này là nhu cầu ra quyết định dựa trên thông tin rõ ràng hơn. Các bên tham gia không chỉ quan tâm kết quả trước mắt mà còn nhìn vào tính bền vững trong dài hạn.</p><figure class="article-inline-image"><img src="https://images.unsplash.com/photo-1500530855697-b586d89ba3ee?auto=format&fit=crop&w=1200&q=80" alt="Đường phố đô thị nhiều cây xanh" loading="lazy"><figcaption>Hình ảnh minh họa được chọn theo đúng chủ đề của bài viết.</figcaption></figure><p>Theo các chuyên gia, yếu tố quan trọng nằm ở cách triển khai cụ thể: dữ liệu cần minh bạch, nguồn lực cần được phân bổ hợp lý và người dùng cuối phải được đặt ở trung tâm.</p><p>Trong thời gian tới, câu chuyện này sẽ còn tiếp tục được theo dõi khi chính sách, thị trường và thói quen người dùng thay đổi. Những mô hình làm tốt có thể trở thành kinh nghiệm cho các đơn vị khác.</p>', 17, 2, 'Thoáng.vn', 'Châu Âu, Giao thông xanh, Đô thị', 'https://images.unsplash.com/photo-1500530855697-b586d89ba3ee?auto=format&fit=crop&w=1200&q=80', 'Approved', 196, '2026-04-15 05:17:21', '2026-04-15 05:17:21', '2026-04-15 05:17:21'),
	(7, 'Làn sóng đầu tư năng lượng sạch tại châu Mỹ tăng tốc', 'Các dự án điện gió, điện mặt trời và lưu trữ pin được thúc đẩy bởi nhu cầu giảm phụ thuộc vào nhiên liệu hóa thạch.', '<p>Bài viết ghi nhận một chuyển động đáng chú ý trong lĩnh vực liên quan, với tác động trực tiếp đến người dân, doanh nghiệp hoặc cộng đồng sử dụng dịch vụ.</p><p>Điểm chung của xu hướng này là nhu cầu ra quyết định dựa trên thông tin rõ ràng hơn. Các bên tham gia không chỉ quan tâm kết quả trước mắt mà còn nhìn vào tính bền vững trong dài hạn.</p><figure class="article-inline-image"><img src="https://images.unsplash.com/photo-1509391366360-2e959784a276?auto=format&fit=crop&w=1200&q=80" alt="Các tấm pin mặt trời dưới bầu trời xanh" loading="lazy"><figcaption>Hình ảnh minh họa được chọn theo đúng chủ đề của bài viết.</figcaption></figure><p>Theo các chuyên gia, yếu tố quan trọng nằm ở cách triển khai cụ thể: dữ liệu cần minh bạch, nguồn lực cần được phân bổ hợp lý và người dùng cuối phải được đặt ở trung tâm.</p><p>Trong thời gian tới, câu chuyện này sẽ còn tiếp tục được theo dõi khi chính sách, thị trường và thói quen người dùng thay đổi. Những mô hình làm tốt có thể trở thành kinh nghiệm cho các đơn vị khác.</p>', 18, 3, 'Thoáng.vn', 'Châu Mỹ, Năng lượng sạch, Đầu tư', 'https://images.unsplash.com/photo-1509391366360-2e959784a276?auto=format&fit=crop&w=1200&q=80', 'Approved', 218, '2026-04-16 05:17:21', '2026-05-31 14:20:27', '2026-04-16 05:17:21'),
	(8, 'Ngân hàng số cạnh tranh bằng trải nghiệm cá nhân hóa', 'Các ứng dụng tài chính tăng cường gợi ý chi tiêu, nhắc lịch thanh toán và cảnh báo rủi ro theo hành vi người dùng.', '<p>Bài viết ghi nhận một chuyển động đáng chú ý trong lĩnh vực liên quan, với tác động trực tiếp đến người dân, doanh nghiệp hoặc cộng đồng sử dụng dịch vụ.</p><p>Điểm chung của xu hướng này là nhu cầu ra quyết định dựa trên thông tin rõ ràng hơn. Các bên tham gia không chỉ quan tâm kết quả trước mắt mà còn nhìn vào tính bền vững trong dài hạn.</p><figure class="article-inline-image"><img src="https://images.unsplash.com/photo-1563013544-824ae1b704d3?auto=format&fit=crop&w=1200&q=80" alt="Người dùng thanh toán trên điện thoại" loading="lazy"><figcaption>Hình ảnh minh họa được chọn theo đúng chủ đề của bài viết.</figcaption></figure><p>Theo các chuyên gia, yếu tố quan trọng nằm ở cách triển khai cụ thể: dữ liệu cần minh bạch, nguồn lực cần được phân bổ hợp lý và người dùng cuối phải được đặt ở trung tâm.</p><p>Trong thời gian tới, câu chuyện này sẽ còn tiếp tục được theo dõi khi chính sách, thị trường và thói quen người dùng thay đổi. Những mô hình làm tốt có thể trở thành kinh nghiệm cho các đơn vị khác.</p>', 19, 2, 'Thoáng.vn', 'Ngân hàng số, Tài chính cá nhân, Fintech', 'https://images.unsplash.com/photo-1563013544-824ae1b704d3?auto=format&fit=crop&w=1200&q=80', 'disapproved', 234, '2026-04-17 05:17:21', '2026-05-31 13:30:19', NULL),
	(9, 'Doanh nghiệp nhỏ tận dụng thương mại điện tử để mở rộng thị trường', 'Các cửa hàng địa phương chuyển sang bán đa kênh, dùng dữ liệu đơn hàng để dự báo nhu cầu và tối ưu tồn kho.', '<p>Bài viết ghi nhận một chuyển động đáng chú ý trong lĩnh vực liên quan, với tác động trực tiếp đến người dân, doanh nghiệp hoặc cộng đồng sử dụng dịch vụ.</p><p>Điểm chung của xu hướng này là nhu cầu ra quyết định dựa trên thông tin rõ ràng hơn. Các bên tham gia không chỉ quan tâm kết quả trước mắt mà còn nhìn vào tính bền vững trong dài hạn.</p><figure class="article-inline-image"><img src="https://images.unsplash.com/photo-1556742049-0cfed4f6a45d?auto=format&fit=crop&w=1200&q=80" alt="Nhân viên đóng gói đơn hàng thương mại điện tử" loading="lazy"><figcaption>Hình ảnh minh họa được chọn theo đúng chủ đề của bài viết.</figcaption></figure><p>Theo các chuyên gia, yếu tố quan trọng nằm ở cách triển khai cụ thể: dữ liệu cần minh bạch, nguồn lực cần được phân bổ hợp lý và người dùng cuối phải được đặt ở trung tâm.</p><p>Trong thời gian tới, câu chuyện này sẽ còn tiếp tục được theo dõi khi chính sách, thị trường và thói quen người dùng thay đổi. Những mô hình làm tốt có thể trở thành kinh nghiệm cho các đơn vị khác.</p>', 20, 2, 'Thoáng.vn', 'Doanh nghiệp, Bán lẻ, Thương mại điện tử', 'https://images.unsplash.com/photo-1556742049-0cfed4f6a45d?auto=format&fit=crop&w=1200&q=80', 'Approved', 247, '2026-04-18 05:17:21', '2026-04-18 05:17:21', '2026-04-18 05:17:21'),
	(10, 'Giá nông sản tăng nhẹ khi đơn hàng cuối quý phục hồi', 'Một số mặt hàng xuất khẩu ghi nhận tín hiệu tích cực nhưng doanh nghiệp vẫn thận trọng với chi phí logistics.', '<p>Bài viết ghi nhận một chuyển động đáng chú ý trong lĩnh vực liên quan, với tác động trực tiếp đến người dân, doanh nghiệp hoặc cộng đồng sử dụng dịch vụ.</p><p>Điểm chung của xu hướng này là nhu cầu ra quyết định dựa trên thông tin rõ ràng hơn. Các bên tham gia không chỉ quan tâm kết quả trước mắt mà còn nhìn vào tính bền vững trong dài hạn.</p><figure class="article-inline-image"><img src="https://images.unsplash.com/photo-1500937386664-56d1dfef3854?auto=format&fit=crop&w=1200&q=80" alt="Cánh đồng nông nghiệp trong nắng sớm" loading="lazy"><figcaption>Hình ảnh minh họa được chọn theo đúng chủ đề của bài viết.</figcaption></figure><p>Theo các chuyên gia, yếu tố quan trọng nằm ở cách triển khai cụ thể: dữ liệu cần minh bạch, nguồn lực cần được phân bổ hợp lý và người dùng cuối phải được đặt ở trung tâm.</p><p>Trong thời gian tới, câu chuyện này sẽ còn tiếp tục được theo dõi khi chính sách, thị trường và thói quen người dùng thay đổi. Những mô hình làm tốt có thể trở thành kinh nghiệm cho các đơn vị khác.</p>', 21, 3, 'Thoáng.vn', 'Thị trường, Nông sản, Xuất khẩu', 'https://images.unsplash.com/photo-1500937386664-56d1dfef3854?auto=format&fit=crop&w=1200&q=80', 'Approved', 264, '2026-04-19 05:17:21', '2026-04-19 05:17:21', '2026-04-19 05:17:21'),
	(11, 'Đội tuyển trẻ tạo điểm nhấn bằng lối chơi pressing tốc độ cao', 'Ban huấn luyện trao cơ hội cho nhiều cầu thủ dưới 23 tuổi nhằm chuẩn bị chiều sâu lực lượng cho các giải đấu sắp tới.', '<p>Bài viết ghi nhận một chuyển động đáng chú ý trong lĩnh vực liên quan, với tác động trực tiếp đến người dân, doanh nghiệp hoặc cộng đồng sử dụng dịch vụ.</p><p>Điểm chung của xu hướng này là nhu cầu ra quyết định dựa trên thông tin rõ ràng hơn. Các bên tham gia không chỉ quan tâm kết quả trước mắt mà còn nhìn vào tính bền vững trong dài hạn.</p><figure class="article-inline-image"><img src="https://images.unsplash.com/photo-1574629810360-7efbbe195018?auto=format&fit=crop&w=1200&q=80" alt="Sân bóng đá trong ngày thi đấu" loading="lazy"><figcaption>Hình ảnh minh họa được chọn theo đúng chủ đề của bài viết.</figcaption></figure><p>Theo các chuyên gia, yếu tố quan trọng nằm ở cách triển khai cụ thể: dữ liệu cần minh bạch, nguồn lực cần được phân bổ hợp lý và người dùng cuối phải được đặt ở trung tâm.</p><p>Trong thời gian tới, câu chuyện này sẽ còn tiếp tục được theo dõi khi chính sách, thị trường và thói quen người dùng thay đổi. Những mô hình làm tốt có thể trở thành kinh nghiệm cho các đơn vị khác.</p>', 22, 2, 'Thoáng.vn', 'Bóng đá, Cầu thủ trẻ, Đội tuyển', 'https://images.unsplash.com/photo-1574629810360-7efbbe195018?auto=format&fit=crop&w=1200&q=80', 'disapproved', 282, '2026-04-20 05:17:21', '2026-05-30 05:27:18', NULL),
	(12, 'Giải chạy đêm thu hút hàng nghìn người tham gia ở trung tâm thành phố', 'Không gian thể thao kết hợp âm nhạc và hoạt động cộng đồng giúp phong trào chạy bộ lan tỏa đến nhiều nhóm tuổi.', '<p>Bài viết ghi nhận một chuyển động đáng chú ý trong lĩnh vực liên quan, với tác động trực tiếp đến người dân, doanh nghiệp hoặc cộng đồng sử dụng dịch vụ.</p><p>Điểm chung của xu hướng này là nhu cầu ra quyết định dựa trên thông tin rõ ràng hơn. Các bên tham gia không chỉ quan tâm kết quả trước mắt mà còn nhìn vào tính bền vững trong dài hạn.</p><figure class="article-inline-image"><img src="https://images.unsplash.com/photo-1552674605-db6ffd4facb5?auto=format&fit=crop&w=1200&q=80" alt="Vận động viên chạy trên đường" loading="lazy"><figcaption>Hình ảnh minh họa được chọn theo đúng chủ đề của bài viết.</figcaption></figure><p>Theo các chuyên gia, yếu tố quan trọng nằm ở cách triển khai cụ thể: dữ liệu cần minh bạch, nguồn lực cần được phân bổ hợp lý và người dùng cuối phải được đặt ở trung tâm.</p><p>Trong thời gian tới, câu chuyện này sẽ còn tiếp tục được theo dõi khi chính sách, thị trường và thói quen người dùng thay đổi. Những mô hình làm tốt có thể trở thành kinh nghiệm cho các đơn vị khác.</p>', 23, 2, 'Thoáng.vn', 'Chạy bộ, Sức khỏe, Cộng đồng', 'https://images.unsplash.com/photo-1552674605-db6ffd4facb5?auto=format&fit=crop&w=1200&q=80', 'Approved', 298, '2026-04-21 05:17:21', '2026-04-21 05:17:21', '2026-04-21 05:17:21'),
	(13, 'Quần vợt thế giới bước vào giai đoạn chuyển giao thế hệ', 'Các tay vợt trẻ liên tục tiến sâu tại những giải lớn, tạo áp lực cạnh tranh mới cho nhóm hạt giống kỳ cựu.', '<p>Bài viết ghi nhận một chuyển động đáng chú ý trong lĩnh vực liên quan, với tác động trực tiếp đến người dân, doanh nghiệp hoặc cộng đồng sử dụng dịch vụ.</p><p>Điểm chung của xu hướng này là nhu cầu ra quyết định dựa trên thông tin rõ ràng hơn. Các bên tham gia không chỉ quan tâm kết quả trước mắt mà còn nhìn vào tính bền vững trong dài hạn.</p><figure class="article-inline-image"><img src="https://images.unsplash.com/photo-1622279457486-62dcc4a431d6?auto=format&fit=crop&w=1200&q=80" alt="Sân quần vợt ngoài trời" loading="lazy"><figcaption>Hình ảnh minh họa được chọn theo đúng chủ đề của bài viết.</figcaption></figure><p>Theo các chuyên gia, yếu tố quan trọng nằm ở cách triển khai cụ thể: dữ liệu cần minh bạch, nguồn lực cần được phân bổ hợp lý và người dùng cuối phải được đặt ở trung tâm.</p><p>Trong thời gian tới, câu chuyện này sẽ còn tiếp tục được theo dõi khi chính sách, thị trường và thói quen người dùng thay đổi. Những mô hình làm tốt có thể trở thành kinh nghiệm cho các đơn vị khác.</p>', 24, 3, 'Thoáng.vn', 'Quần vợt, Thể thao quốc tế, Tay vợt trẻ', 'https://images.unsplash.com/photo-1622279457486-62dcc4a431d6?auto=format&fit=crop&w=1200&q=80', 'Approved', 321, '2026-04-22 05:17:21', '2026-05-31 05:03:17', '2026-04-22 05:17:21'),
	(14, 'Doanh nghiệp Việt ứng dụng AI để rút ngắn thời gian chăm sóc khách hàng', 'Chatbot và hệ thống phân tích hội thoại giúp tổng đài xử lý yêu cầu phổ biến nhanh hơn, nhưng vẫn cần người kiểm soát chất lượng.', '<p>Bài viết ghi nhận một chuyển động đáng chú ý trong lĩnh vực liên quan, với tác động trực tiếp đến người dân, doanh nghiệp hoặc cộng đồng sử dụng dịch vụ.</p><p>Điểm chung của xu hướng này là nhu cầu ra quyết định dựa trên thông tin rõ ràng hơn. Các bên tham gia không chỉ quan tâm kết quả trước mắt mà còn nhìn vào tính bền vững trong dài hạn.</p><figure class="article-inline-image"><img src="https://images.unsplash.com/photo-1677442136019-21780ecad995?auto=format&fit=crop&w=1200&q=80" alt="Mô phỏng công nghệ trí tuệ nhân tạo" loading="lazy"><figcaption>Hình ảnh minh họa được chọn theo đúng chủ đề của bài viết.</figcaption></figure><p>Theo các chuyên gia, yếu tố quan trọng nằm ở cách triển khai cụ thể: dữ liệu cần minh bạch, nguồn lực cần được phân bổ hợp lý và người dùng cuối phải được đặt ở trung tâm.</p><p>Trong thời gian tới, câu chuyện này sẽ còn tiếp tục được theo dõi khi chính sách, thị trường và thói quen người dùng thay đổi. Những mô hình làm tốt có thể trở thành kinh nghiệm cho các đơn vị khác.</p>', 25, 2, 'Thoáng.vn', 'AI, Chăm sóc khách hàng, Doanh nghiệp', 'https://images.unsplash.com/photo-1677442136019-21780ecad995?auto=format&fit=crop&w=1200&q=80', 'Approved', 72, '2026-04-23 05:17:21', '2026-04-23 05:17:21', '2026-04-23 05:17:21'),
	(15, 'Điện thoại tầm trung tập trung nâng cấp camera và pin', 'Các hãng sản xuất cạnh tranh bằng cảm biến ảnh lớn hơn, thuật toán xử lý đêm và thời lượng pin đủ cho cả ngày làm việc.', '<p>Bài viết ghi nhận một chuyển động đáng chú ý trong lĩnh vực liên quan, với tác động trực tiếp đến người dân, doanh nghiệp hoặc cộng đồng sử dụng dịch vụ.</p><p>Điểm chung của xu hướng này là nhu cầu ra quyết định dựa trên thông tin rõ ràng hơn. Các bên tham gia không chỉ quan tâm kết quả trước mắt mà còn nhìn vào tính bền vững trong dài hạn.</p><figure class="article-inline-image"><img src="https://images.unsplash.com/photo-1511707171634-5f897ff02aa9?auto=format&fit=crop&w=1200&q=80" alt="Điện thoại thông minh đặt trên bàn" loading="lazy"><figcaption>Hình ảnh minh họa được chọn theo đúng chủ đề của bài viết.</figcaption></figure><p>Theo các chuyên gia, yếu tố quan trọng nằm ở cách triển khai cụ thể: dữ liệu cần minh bạch, nguồn lực cần được phân bổ hợp lý và người dùng cuối phải được đặt ở trung tâm.</p><p>Trong thời gian tới, câu chuyện này sẽ còn tiếp tục được theo dõi khi chính sách, thị trường và thói quen người dùng thay đổi. Những mô hình làm tốt có thể trở thành kinh nghiệm cho các đơn vị khác.</p>', 26, 2, 'Thoáng.vn', 'Điện thoại, Thiết bị số, Camera', 'https://images.unsplash.com/photo-1511707171634-5f897ff02aa9?auto=format&fit=crop&w=1200&q=80', 'Approved', 89, '2026-04-24 05:17:21', '2026-04-24 05:17:21', '2026-04-24 05:17:21'),
	(16, 'Cảnh báo lừa đảo qua mã QR giả tại điểm thanh toán đông người', 'Người dùng được khuyến nghị kiểm tra tên người nhận và nguồn mã QR trước khi chuyển tiền tại cửa hàng hoặc sự kiện.', '<p>Bài viết ghi nhận một chuyển động đáng chú ý trong lĩnh vực liên quan, với tác động trực tiếp đến người dân, doanh nghiệp hoặc cộng đồng sử dụng dịch vụ.</p><p>Điểm chung của xu hướng này là nhu cầu ra quyết định dựa trên thông tin rõ ràng hơn. Các bên tham gia không chỉ quan tâm kết quả trước mắt mà còn nhìn vào tính bền vững trong dài hạn.</p><figure class="article-inline-image"><img src="https://images.unsplash.com/photo-1563013544-824ae1b704d3?auto=format&fit=crop&w=1200&q=80" alt="Thanh toán điện tử trên điện thoại" loading="lazy"><figcaption>Hình ảnh minh họa được chọn theo đúng chủ đề của bài viết.</figcaption></figure><p>Theo các chuyên gia, yếu tố quan trọng nằm ở cách triển khai cụ thể: dữ liệu cần minh bạch, nguồn lực cần được phân bổ hợp lý và người dùng cuối phải được đặt ở trung tâm.</p><p>Trong thời gian tới, câu chuyện này sẽ còn tiếp tục được theo dõi khi chính sách, thị trường và thói quen người dùng thay đổi. Những mô hình làm tốt có thể trở thành kinh nghiệm cho các đơn vị khác.</p>', 27, 3, 'Thoáng.vn', 'An toàn thông tin, Mã QR, Lừa đảo', 'https://images.unsplash.com/photo-1563013544-824ae1b704d3?auto=format&fit=crop&w=1200&q=80', 'Approved', 106, '2026-04-25 05:17:21', '2026-04-25 05:17:21', '2026-04-25 05:17:21'),
	(17, 'Gia đình trẻ ưu tiên căn hộ gần trường học và công viên', 'Nhu cầu sống thuận tiện khiến các dự án có tiện ích giáo dục, y tế và không gian xanh được chú ý hơn.', '<p>Bài viết ghi nhận một chuyển động đáng chú ý trong lĩnh vực liên quan, với tác động trực tiếp đến người dân, doanh nghiệp hoặc cộng đồng sử dụng dịch vụ.</p><p>Điểm chung của xu hướng này là nhu cầu ra quyết định dựa trên thông tin rõ ràng hơn. Các bên tham gia không chỉ quan tâm kết quả trước mắt mà còn nhìn vào tính bền vững trong dài hạn.</p><figure class="article-inline-image"><img src="https://images.unsplash.com/photo-1494526585095-c41746248156?auto=format&fit=crop&w=1200&q=80" alt="Ngôi nhà ấm cúng có sân vườn" loading="lazy"><figcaption>Hình ảnh minh họa được chọn theo đúng chủ đề của bài viết.</figcaption></figure><p>Theo các chuyên gia, yếu tố quan trọng nằm ở cách triển khai cụ thể: dữ liệu cần minh bạch, nguồn lực cần được phân bổ hợp lý và người dùng cuối phải được đặt ở trung tâm.</p><p>Trong thời gian tới, câu chuyện này sẽ còn tiếp tục được theo dõi khi chính sách, thị trường và thói quen người dùng thay đổi. Những mô hình làm tốt có thể trở thành kinh nghiệm cho các đơn vị khác.</p>', 28, 2, 'Thoáng.vn', 'Gia đình, Nhà ở, Tiện ích', 'https://images.unsplash.com/photo-1494526585095-c41746248156?auto=format&fit=crop&w=1200&q=80', 'Approved', 123, '2026-04-26 05:17:21', '2026-04-26 05:17:21', '2026-04-26 05:17:21'),
	(18, 'Không gian đi bộ ven sông trở thành điểm hẹn cuối tuần', 'Các tuyến đường ven sông được cải tạo với cây xanh, ghế nghỉ và khu sinh hoạt cộng đồng cho cư dân đô thị.', '<p>Bài viết ghi nhận một chuyển động đáng chú ý trong lĩnh vực liên quan, với tác động trực tiếp đến người dân, doanh nghiệp hoặc cộng đồng sử dụng dịch vụ.</p><p>Điểm chung của xu hướng này là nhu cầu ra quyết định dựa trên thông tin rõ ràng hơn. Các bên tham gia không chỉ quan tâm kết quả trước mắt mà còn nhìn vào tính bền vững trong dài hạn.</p><figure class="article-inline-image"><img src="https://images.unsplash.com/photo-1519501025264-65ba15a82390?auto=format&fit=crop&w=1200&q=80" alt="Đường phố đô thị về đêm" loading="lazy"><figcaption>Hình ảnh minh họa được chọn theo đúng chủ đề của bài viết.</figcaption></figure><p>Theo các chuyên gia, yếu tố quan trọng nằm ở cách triển khai cụ thể: dữ liệu cần minh bạch, nguồn lực cần được phân bổ hợp lý và người dùng cuối phải được đặt ở trung tâm.</p><p>Trong thời gian tới, câu chuyện này sẽ còn tiếp tục được theo dõi khi chính sách, thị trường và thói quen người dùng thay đổi. Những mô hình làm tốt có thể trở thành kinh nghiệm cho các đơn vị khác.</p>', 29, 2, 'Thoáng.vn', 'Đô thị, Không gian công cộng, Cuối tuần', 'https://images.unsplash.com/photo-1519501025264-65ba15a82390?auto=format&fit=crop&w=1200&q=80', 'Approved', 140, '2026-04-27 05:17:21', '2026-04-27 05:17:21', '2026-04-27 05:17:21'),
	(19, 'Xu hướng chăm sóc da tối giản được người trẻ lựa chọn', 'Thay vì dùng quá nhiều sản phẩm, người tiêu dùng tập trung vào làm sạch, dưỡng ẩm, chống nắng và theo dõi phản ứng da.', '<p>Bài viết ghi nhận một chuyển động đáng chú ý trong lĩnh vực liên quan, với tác động trực tiếp đến người dân, doanh nghiệp hoặc cộng đồng sử dụng dịch vụ.</p><p>Điểm chung của xu hướng này là nhu cầu ra quyết định dựa trên thông tin rõ ràng hơn. Các bên tham gia không chỉ quan tâm kết quả trước mắt mà còn nhìn vào tính bền vững trong dài hạn.</p><figure class="article-inline-image"><img src="https://images.unsplash.com/photo-1556228720-195a672e8a03?auto=format&fit=crop&w=1200&q=80" alt="Sản phẩm chăm sóc da trên nền sáng" loading="lazy"><figcaption>Hình ảnh minh họa được chọn theo đúng chủ đề của bài viết.</figcaption></figure><p>Theo các chuyên gia, yếu tố quan trọng nằm ở cách triển khai cụ thể: dữ liệu cần minh bạch, nguồn lực cần được phân bổ hợp lý và người dùng cuối phải được đặt ở trung tâm.</p><p>Trong thời gian tới, câu chuyện này sẽ còn tiếp tục được theo dõi khi chính sách, thị trường và thói quen người dùng thay đổi. Những mô hình làm tốt có thể trở thành kinh nghiệm cho các đơn vị khác.</p>', 30, 3, 'Thoáng.vn', 'Làm đẹp, Chăm sóc da, Lối sống', 'https://images.unsplash.com/photo-1556228720-195a672e8a03?auto=format&fit=crop&w=1200&q=80', 'Approved', 157, '2026-04-28 05:17:21', '2026-04-28 05:17:21', '2026-04-28 05:17:21'),
	(20, 'Thí sinh quan tâm nhiều hơn đến ngành dữ liệu và logistics', 'Các chương trình đào tạo gắn với nhu cầu doanh nghiệp được phụ huynh và học sinh tìm hiểu kỹ trong mùa tuyển sinh.', '<p>Bài viết ghi nhận một chuyển động đáng chú ý trong lĩnh vực liên quan, với tác động trực tiếp đến người dân, doanh nghiệp hoặc cộng đồng sử dụng dịch vụ.</p><p>Điểm chung của xu hướng này là nhu cầu ra quyết định dựa trên thông tin rõ ràng hơn. Các bên tham gia không chỉ quan tâm kết quả trước mắt mà còn nhìn vào tính bền vững trong dài hạn.</p><figure class="article-inline-image"><img src="https://images.unsplash.com/photo-1523240795612-9a054b0db644?auto=format&fit=crop&w=1200&q=80" alt="Sinh viên ngồi học trong khuôn viên trường" loading="lazy"><figcaption>Hình ảnh minh họa được chọn theo đúng chủ đề của bài viết.</figcaption></figure><p>Theo các chuyên gia, yếu tố quan trọng nằm ở cách triển khai cụ thể: dữ liệu cần minh bạch, nguồn lực cần được phân bổ hợp lý và người dùng cuối phải được đặt ở trung tâm.</p><p>Trong thời gian tới, câu chuyện này sẽ còn tiếp tục được theo dõi khi chính sách, thị trường và thói quen người dùng thay đổi. Những mô hình làm tốt có thể trở thành kinh nghiệm cho các đơn vị khác.</p>', 31, 2, 'Thoáng.vn', 'Tuyển sinh, Đại học, Dữ liệu', 'https://images.unsplash.com/photo-1523240795612-9a054b0db644?auto=format&fit=crop&w=1200&q=80', 'Approved', 174, '2026-04-29 05:17:21', '2026-04-29 05:17:21', '2026-04-29 05:17:21'),
	(21, 'Kỹ năng thuyết trình trở thành lợi thế của sinh viên năm nhất', 'Các lớp học tăng hoạt động nhóm và phản biện giúp sinh viên rèn khả năng trình bày ý tưởng rõ ràng hơn.', '<p>Bài viết ghi nhận một chuyển động đáng chú ý trong lĩnh vực liên quan, với tác động trực tiếp đến người dân, doanh nghiệp hoặc cộng đồng sử dụng dịch vụ.</p><p>Điểm chung của xu hướng này là nhu cầu ra quyết định dựa trên thông tin rõ ràng hơn. Các bên tham gia không chỉ quan tâm kết quả trước mắt mà còn nhìn vào tính bền vững trong dài hạn.</p><figure class="article-inline-image"><img src="https://images.unsplash.com/photo-1523580846011-d3a5bc25702b?auto=format&fit=crop&w=1200&q=80" alt="Sinh viên trao đổi trong lớp học" loading="lazy"><figcaption>Hình ảnh minh họa được chọn theo đúng chủ đề của bài viết.</figcaption></figure><p>Theo các chuyên gia, yếu tố quan trọng nằm ở cách triển khai cụ thể: dữ liệu cần minh bạch, nguồn lực cần được phân bổ hợp lý và người dùng cuối phải được đặt ở trung tâm.</p><p>Trong thời gian tới, câu chuyện này sẽ còn tiếp tục được theo dõi khi chính sách, thị trường và thói quen người dùng thay đổi. Những mô hình làm tốt có thể trở thành kinh nghiệm cho các đơn vị khác.</p>', 32, 2, 'Thoáng.vn', 'Kỹ năng, Sinh viên, Thuyết trình', 'https://images.unsplash.com/photo-1523580846011-d3a5bc25702b?auto=format&fit=crop&w=1200&q=80', 'Approved', 191, '2026-04-30 05:17:21', '2026-04-30 05:17:21', '2026-04-30 05:17:21'),
	(22, 'Trường học tăng hoạt động trải nghiệm để giảm áp lực thi cử', 'Các tiết học ngoài lớp, dự án cộng đồng và câu lạc bộ giúp học sinh phát triển kỹ năng xã hội tốt hơn.', '<p>Bài viết ghi nhận một chuyển động đáng chú ý trong lĩnh vực liên quan, với tác động trực tiếp đến người dân, doanh nghiệp hoặc cộng đồng sử dụng dịch vụ.</p><p>Điểm chung của xu hướng này là nhu cầu ra quyết định dựa trên thông tin rõ ràng hơn. Các bên tham gia không chỉ quan tâm kết quả trước mắt mà còn nhìn vào tính bền vững trong dài hạn.</p><figure class="article-inline-image"><img src="https://images.unsplash.com/photo-1509062522246-3755977927d7?auto=format&fit=crop&w=1200&q=80" alt="Lớp học có học sinh tham gia hoạt động" loading="lazy"><figcaption>Hình ảnh minh họa được chọn theo đúng chủ đề của bài viết.</figcaption></figure><p>Theo các chuyên gia, yếu tố quan trọng nằm ở cách triển khai cụ thể: dữ liệu cần minh bạch, nguồn lực cần được phân bổ hợp lý và người dùng cuối phải được đặt ở trung tâm.</p><p>Trong thời gian tới, câu chuyện này sẽ còn tiếp tục được theo dõi khi chính sách, thị trường và thói quen người dùng thay đổi. Những mô hình làm tốt có thể trở thành kinh nghiệm cho các đơn vị khác.</p>', 33, 3, 'Thoáng.vn', 'Học đường, Trải nghiệm, Kỹ năng xã hội', 'https://images.unsplash.com/photo-1509062522246-3755977927d7?auto=format&fit=crop&w=1200&q=80', 'Approved', 210, '2026-05-01 05:17:21', '2026-05-30 09:05:07', '2026-05-01 05:17:21'),
	(23, 'Phim Việt khai thác đời sống đô thị bằng góc nhìn gần gũi', 'Nhiều tác phẩm mới chọn câu chuyện gia đình, công việc và tình bạn để tạo kết nối với khán giả trẻ.', '<p>Bài viết ghi nhận một chuyển động đáng chú ý trong lĩnh vực liên quan, với tác động trực tiếp đến người dân, doanh nghiệp hoặc cộng đồng sử dụng dịch vụ.</p><p>Điểm chung của xu hướng này là nhu cầu ra quyết định dựa trên thông tin rõ ràng hơn. Các bên tham gia không chỉ quan tâm kết quả trước mắt mà còn nhìn vào tính bền vững trong dài hạn.</p><figure class="article-inline-image"><img src="https://images.unsplash.com/photo-1489599849927-2ee91cede3ba?auto=format&fit=crop&w=1200&q=80" alt="Rạp chiếu phim với hàng ghế đỏ" loading="lazy"><figcaption>Hình ảnh minh họa được chọn theo đúng chủ đề của bài viết.</figcaption></figure><p>Theo các chuyên gia, yếu tố quan trọng nằm ở cách triển khai cụ thể: dữ liệu cần minh bạch, nguồn lực cần được phân bổ hợp lý và người dùng cuối phải được đặt ở trung tâm.</p><p>Trong thời gian tới, câu chuyện này sẽ còn tiếp tục được theo dõi khi chính sách, thị trường và thói quen người dùng thay đổi. Những mô hình làm tốt có thể trở thành kinh nghiệm cho các đơn vị khác.</p>', 34, 2, 'Thoáng.vn', 'Điện ảnh, Phim Việt, Văn hóa', 'https://images.unsplash.com/photo-1489599849927-2ee91cede3ba?auto=format&fit=crop&w=1200&q=80', 'Approved', 225, '2026-05-02 05:17:21', '2026-05-02 05:17:21', '2026-05-02 05:17:21'),
	(24, 'Hội sách cuối tuần đưa độc giả trở lại với thói quen đọc giấy', 'Các gian hàng sách, tọa đàm tác giả và khu đổi sách cũ tạo không gian giao lưu cho cộng đồng đọc.', '<p>Bài viết ghi nhận một chuyển động đáng chú ý trong lĩnh vực liên quan, với tác động trực tiếp đến người dân, doanh nghiệp hoặc cộng đồng sử dụng dịch vụ.</p><p>Điểm chung của xu hướng này là nhu cầu ra quyết định dựa trên thông tin rõ ràng hơn. Các bên tham gia không chỉ quan tâm kết quả trước mắt mà còn nhìn vào tính bền vững trong dài hạn.</p><figure class="article-inline-image"><img src="https://images.unsplash.com/photo-1521587760476-6c12a4b040da?auto=format&fit=crop&w=1200&q=80" alt="Kệ sách trong thư viện" loading="lazy"><figcaption>Hình ảnh minh họa được chọn theo đúng chủ đề của bài viết.</figcaption></figure><p>Theo các chuyên gia, yếu tố quan trọng nằm ở cách triển khai cụ thể: dữ liệu cần minh bạch, nguồn lực cần được phân bổ hợp lý và người dùng cuối phải được đặt ở trung tâm.</p><p>Trong thời gian tới, câu chuyện này sẽ còn tiếp tục được theo dõi khi chính sách, thị trường và thói quen người dùng thay đổi. Những mô hình làm tốt có thể trở thành kinh nghiệm cho các đơn vị khác.</p>', 35, 2, 'Thoáng.vn', 'Sách, Hội sách, Văn hóa đọc', 'https://images.unsplash.com/photo-1521587760476-6c12a4b040da?auto=format&fit=crop&w=1200&q=80', 'Approved', 242, '2026-05-03 05:17:21', '2026-05-03 05:17:21', '2026-05-03 05:17:21'),
	(25, 'Nghệ sĩ độc lập tìm khán giả qua nền tảng nghe nhạc trực tuyến', 'Sự phát triển của streaming giúp các ca sĩ mới phát hành sản phẩm nhanh hơn và đo phản hồi người nghe rõ hơn.', '<p>Bài viết ghi nhận một chuyển động đáng chú ý trong lĩnh vực liên quan, với tác động trực tiếp đến người dân, doanh nghiệp hoặc cộng đồng sử dụng dịch vụ.</p><p>Điểm chung của xu hướng này là nhu cầu ra quyết định dựa trên thông tin rõ ràng hơn. Các bên tham gia không chỉ quan tâm kết quả trước mắt mà còn nhìn vào tính bền vững trong dài hạn.</p><figure class="article-inline-image"><img src="https://images.unsplash.com/photo-1511379938547-c1f69419868d?auto=format&fit=crop&w=1200&q=80" alt="Phòng thu âm nhạc với thiết bị chuyên nghiệp" loading="lazy"><figcaption>Hình ảnh minh họa được chọn theo đúng chủ đề của bài viết.</figcaption></figure><p>Theo các chuyên gia, yếu tố quan trọng nằm ở cách triển khai cụ thể: dữ liệu cần minh bạch, nguồn lực cần được phân bổ hợp lý và người dùng cuối phải được đặt ở trung tâm.</p><p>Trong thời gian tới, câu chuyện này sẽ còn tiếp tục được theo dõi khi chính sách, thị trường và thói quen người dùng thay đổi. Những mô hình làm tốt có thể trở thành kinh nghiệm cho các đơn vị khác.</p>', 36, 3, 'Thoáng.vn', 'Âm nhạc, Nghệ sĩ độc lập, Streaming', 'https://images.unsplash.com/photo-1511379938547-c1f69419868d?auto=format&fit=crop&w=1200&q=80', 'Approved', 259, '2026-05-04 05:17:21', '2026-05-04 05:17:21', '2026-05-04 05:17:21'),
	(26, 'Bữa ăn văn phòng cân bằng giúp giảm mệt mỏi buổi chiều', 'Chuyên gia dinh dưỡng khuyến nghị tăng rau, protein vừa đủ và hạn chế đồ uống quá nhiều đường trong ngày làm việc.', '<p>Bài viết ghi nhận một chuyển động đáng chú ý trong lĩnh vực liên quan, với tác động trực tiếp đến người dân, doanh nghiệp hoặc cộng đồng sử dụng dịch vụ.</p><p>Điểm chung của xu hướng này là nhu cầu ra quyết định dựa trên thông tin rõ ràng hơn. Các bên tham gia không chỉ quan tâm kết quả trước mắt mà còn nhìn vào tính bền vững trong dài hạn.</p><figure class="article-inline-image"><img src="https://images.unsplash.com/photo-1490645935967-10de6ba17061?auto=format&fit=crop&w=1200&q=80" alt="Bữa ăn lành mạnh với rau và ngũ cốc" loading="lazy"><figcaption>Hình ảnh minh họa được chọn theo đúng chủ đề của bài viết.</figcaption></figure><p>Theo các chuyên gia, yếu tố quan trọng nằm ở cách triển khai cụ thể: dữ liệu cần minh bạch, nguồn lực cần được phân bổ hợp lý và người dùng cuối phải được đặt ở trung tâm.</p><p>Trong thời gian tới, câu chuyện này sẽ còn tiếp tục được theo dõi khi chính sách, thị trường và thói quen người dùng thay đổi. Những mô hình làm tốt có thể trở thành kinh nghiệm cho các đơn vị khác.</p>', 37, 2, 'Thoáng.vn', 'Dinh dưỡng, Văn phòng, Sức khỏe', 'https://images.unsplash.com/photo-1490645935967-10de6ba17061?auto=format&fit=crop&w=1200&q=80', 'Approved', 276, '2026-05-05 05:17:21', '2026-05-05 05:17:21', '2026-05-05 05:17:21'),
	(27, 'Ứng dụng đặt lịch khám giúp người bệnh chủ động theo dõi hồ sơ', 'Hồ sơ điện tử, nhắc lịch uống thuốc và tư vấn từ xa đang trở thành một phần của dịch vụ y tế hiện đại.', '<p>Bài viết ghi nhận một chuyển động đáng chú ý trong lĩnh vực liên quan, với tác động trực tiếp đến người dân, doanh nghiệp hoặc cộng đồng sử dụng dịch vụ.</p><p>Điểm chung của xu hướng này là nhu cầu ra quyết định dựa trên thông tin rõ ràng hơn. Các bên tham gia không chỉ quan tâm kết quả trước mắt mà còn nhìn vào tính bền vững trong dài hạn.</p><figure class="article-inline-image"><img src="https://images.unsplash.com/photo-1576091160399-112ba8d25d1d?auto=format&fit=crop&w=1200&q=80" alt="Bác sĩ sử dụng máy tính bảng trong bệnh viện" loading="lazy"><figcaption>Hình ảnh minh họa được chọn theo đúng chủ đề của bài viết.</figcaption></figure><p>Theo các chuyên gia, yếu tố quan trọng nằm ở cách triển khai cụ thể: dữ liệu cần minh bạch, nguồn lực cần được phân bổ hợp lý và người dùng cuối phải được đặt ở trung tâm.</p><p>Trong thời gian tới, câu chuyện này sẽ còn tiếp tục được theo dõi khi chính sách, thị trường và thói quen người dùng thay đổi. Những mô hình làm tốt có thể trở thành kinh nghiệm cho các đơn vị khác.</p>', 38, 2, 'Thoáng.vn', 'Y tế số, Hồ sơ sức khỏe, Khám bệnh', 'https://images.unsplash.com/photo-1576091160399-112ba8d25d1d?auto=format&fit=crop&w=1200&q=80', 'Approved', 293, '2026-05-06 05:17:21', '2026-05-06 05:17:21', '2026-05-06 05:17:21'),
	(28, 'Bài tập giãn cơ ngắn giúp dân văn phòng giảm đau vai gáy', 'Những động tác đơn giản trong 5 phút giữa giờ có thể cải thiện tuần hoàn và giảm căng cơ khi ngồi lâu.', '<p>Bài viết ghi nhận một chuyển động đáng chú ý trong lĩnh vực liên quan, với tác động trực tiếp đến người dân, doanh nghiệp hoặc cộng đồng sử dụng dịch vụ.</p><p>Điểm chung của xu hướng này là nhu cầu ra quyết định dựa trên thông tin rõ ràng hơn. Các bên tham gia không chỉ quan tâm kết quả trước mắt mà còn nhìn vào tính bền vững trong dài hạn.</p><figure class="article-inline-image"><img src="https://images.unsplash.com/photo-1518611012118-696072aa579a?auto=format&fit=crop&w=1200&q=80" alt="Người tập luyện giãn cơ trong phòng sáng" loading="lazy"><figcaption>Hình ảnh minh họa được chọn theo đúng chủ đề của bài viết.</figcaption></figure><p>Theo các chuyên gia, yếu tố quan trọng nằm ở cách triển khai cụ thể: dữ liệu cần minh bạch, nguồn lực cần được phân bổ hợp lý và người dùng cuối phải được đặt ở trung tâm.</p><p>Trong thời gian tới, câu chuyện này sẽ còn tiếp tục được theo dõi khi chính sách, thị trường và thói quen người dùng thay đổi. Những mô hình làm tốt có thể trở thành kinh nghiệm cho các đơn vị khác.</p>', 39, 3, 'Thoáng.vn', 'Tập luyện, Văn phòng, Vai gáy', 'https://images.unsplash.com/photo-1518611012118-696072aa579a?auto=format&fit=crop&w=1200&q=80', 'Approved', 310, '2026-05-07 05:17:21', '2026-05-07 05:17:21', '2026-05-07 05:17:21'),
	(29, 'Du lịch đường sắt được làm mới bằng các tuyến ngắn cuối tuần', 'Các hành trình ngắn kết hợp ẩm thực địa phương và điểm check-in gần ga phù hợp với nhóm bạn trẻ.', '<p>Bài viết ghi nhận một chuyển động đáng chú ý trong lĩnh vực liên quan, với tác động trực tiếp đến người dân, doanh nghiệp hoặc cộng đồng sử dụng dịch vụ.</p><p>Điểm chung của xu hướng này là nhu cầu ra quyết định dựa trên thông tin rõ ràng hơn. Các bên tham gia không chỉ quan tâm kết quả trước mắt mà còn nhìn vào tính bền vững trong dài hạn.</p><figure class="article-inline-image"><img src="https://images.unsplash.com/photo-1474487548417-781cb71495f3?auto=format&fit=crop&w=1200&q=80" alt="Tàu hỏa chạy qua vùng cảnh quan xanh" loading="lazy"><figcaption>Hình ảnh minh họa được chọn theo đúng chủ đề của bài viết.</figcaption></figure><p>Theo các chuyên gia, yếu tố quan trọng nằm ở cách triển khai cụ thể: dữ liệu cần minh bạch, nguồn lực cần được phân bổ hợp lý và người dùng cuối phải được đặt ở trung tâm.</p><p>Trong thời gian tới, câu chuyện này sẽ còn tiếp tục được theo dõi khi chính sách, thị trường và thói quen người dùng thay đổi. Những mô hình làm tốt có thể trở thành kinh nghiệm cho các đơn vị khác.</p>', 40, 2, 'Thoáng.vn', 'Du lịch trong nước, Đường sắt, Cuối tuần', 'https://images.unsplash.com/photo-1474487548417-781cb71495f3?auto=format&fit=crop&w=1200&q=80', 'Approved', 67, '2026-05-08 05:17:21', '2026-05-08 05:17:21', '2026-05-08 05:17:21'),
	(30, 'Khách Việt ưu tiên lịch trình tự túc khi đi du lịch quốc tế', 'Du khách tìm kiếm trải nghiệm linh hoạt, đặt dịch vụ trực tuyến và chuẩn bị kỹ bảo hiểm, visa, phương án di chuyển.', '<p>Bài viết ghi nhận một chuyển động đáng chú ý trong lĩnh vực liên quan, với tác động trực tiếp đến người dân, doanh nghiệp hoặc cộng đồng sử dụng dịch vụ.</p><p>Điểm chung của xu hướng này là nhu cầu ra quyết định dựa trên thông tin rõ ràng hơn. Các bên tham gia không chỉ quan tâm kết quả trước mắt mà còn nhìn vào tính bền vững trong dài hạn.</p><figure class="article-inline-image"><img src="https://images.unsplash.com/photo-1500530855697-b586d89ba3ee?auto=format&fit=crop&w=1200&q=80" alt="Du khách nhìn ra phong cảnh thành phố" loading="lazy"><figcaption>Hình ảnh minh họa được chọn theo đúng chủ đề của bài viết.</figcaption></figure><p>Theo các chuyên gia, yếu tố quan trọng nằm ở cách triển khai cụ thể: dữ liệu cần minh bạch, nguồn lực cần được phân bổ hợp lý và người dùng cuối phải được đặt ở trung tâm.</p><p>Trong thời gian tới, câu chuyện này sẽ còn tiếp tục được theo dõi khi chính sách, thị trường và thói quen người dùng thay đổi. Những mô hình làm tốt có thể trở thành kinh nghiệm cho các đơn vị khác.</p>', 41, 2, 'Thoáng.vn', 'Du lịch quốc tế, Tự túc, Kinh nghiệm', 'https://images.unsplash.com/photo-1500530855697-b586d89ba3ee?auto=format&fit=crop&w=1200&q=80', 'Approved', 84, '2026-05-09 05:17:21', '2026-05-09 05:17:21', '2026-05-09 05:17:21'),
	(31, 'Ẩm thực đường phố trở thành lý do để du khách quay lại thành phố', 'Những món ăn quen thuộc như bánh mì, phở, cà phê sữa đá tạo trải nghiệm bản địa khó thay thế.', '<p>Bài viết ghi nhận một chuyển động đáng chú ý trong lĩnh vực liên quan, với tác động trực tiếp đến người dân, doanh nghiệp hoặc cộng đồng sử dụng dịch vụ.</p><p>Điểm chung của xu hướng này là nhu cầu ra quyết định dựa trên thông tin rõ ràng hơn. Các bên tham gia không chỉ quan tâm kết quả trước mắt mà còn nhìn vào tính bền vững trong dài hạn.</p><figure class="article-inline-image"><img src="https://images.unsplash.com/photo-1504674900247-0877df9cc836?auto=format&fit=crop&w=1200&q=80" alt="Bàn ăn nhiều món đa dạng" loading="lazy"><figcaption>Hình ảnh minh họa được chọn theo đúng chủ đề của bài viết.</figcaption></figure><p>Theo các chuyên gia, yếu tố quan trọng nằm ở cách triển khai cụ thể: dữ liệu cần minh bạch, nguồn lực cần được phân bổ hợp lý và người dùng cuối phải được đặt ở trung tâm.</p><p>Trong thời gian tới, câu chuyện này sẽ còn tiếp tục được theo dõi khi chính sách, thị trường và thói quen người dùng thay đổi. Những mô hình làm tốt có thể trở thành kinh nghiệm cho các đơn vị khác.</p>', 42, 3, 'Thoáng.vn', 'Ẩm thực, Du lịch, Đường phố', 'https://images.unsplash.com/photo-1504674900247-0877df9cc836?auto=format&fit=crop&w=1200&q=80', 'Approved', 104, '2026-05-10 05:17:21', '2026-05-31 03:48:28', '2026-05-10 05:17:21'),
	(32, 'Bản tin thời tiết cực đoan được cập nhật sớm hơn trên thiết bị di động', 'Các hệ thống cảnh báo giúp người dân chuẩn bị phương án di chuyển, bảo vệ tài sản và theo dõi diễn biến mưa lớn.', '<p>Bài viết ghi nhận một chuyển động đáng chú ý trong lĩnh vực liên quan, với tác động trực tiếp đến người dân, doanh nghiệp hoặc cộng đồng sử dụng dịch vụ.</p><p>Điểm chung của xu hướng này là nhu cầu ra quyết định dựa trên thông tin rõ ràng hơn. Các bên tham gia không chỉ quan tâm kết quả trước mắt mà còn nhìn vào tính bền vững trong dài hạn.</p><figure class="article-inline-image"><img src="https://images.unsplash.com/photo-1504608524841-42fe6f032b4b?auto=format&fit=crop&w=1200&q=80" alt="Mây mưa dày trên bầu trời" loading="lazy"><figcaption>Hình ảnh minh họa được chọn theo đúng chủ đề của bài viết.</figcaption></figure><p>Theo các chuyên gia, yếu tố quan trọng nằm ở cách triển khai cụ thể: dữ liệu cần minh bạch, nguồn lực cần được phân bổ hợp lý và người dùng cuối phải được đặt ở trung tâm.</p><p>Trong thời gian tới, câu chuyện này sẽ còn tiếp tục được theo dõi khi chính sách, thị trường và thói quen người dùng thay đổi. Những mô hình làm tốt có thể trở thành kinh nghiệm cho các đơn vị khác.</p>', 11, 2, 'Thoáng.vn', 'Thời tiết, Cảnh báo, An toàn', 'https://images.unsplash.com/photo-1504608524841-42fe6f032b4b?auto=format&fit=crop&w=1200&q=80', 'Approved', 118, '2026-05-11 05:17:21', '2026-05-11 05:17:21', '2026-05-11 05:17:21'),
	(33, 'Phiên chất vấn tập trung vào giải pháp giảm thủ tục cho doanh nghiệp', 'Nhiều ý kiến đề nghị rút ngắn thời gian cấp phép, tăng minh bạch dữ liệu và giảm trùng lặp trong kiểm tra chuyên ngành.', '<p>Bài viết ghi nhận một chuyển động đáng chú ý trong lĩnh vực liên quan, với tác động trực tiếp đến người dân, doanh nghiệp hoặc cộng đồng sử dụng dịch vụ.</p><p>Điểm chung của xu hướng này là nhu cầu ra quyết định dựa trên thông tin rõ ràng hơn. Các bên tham gia không chỉ quan tâm kết quả trước mắt mà còn nhìn vào tính bền vững trong dài hạn.</p><figure class="article-inline-image"><img src="https://images.unsplash.com/photo-1529107386315-e1a2ed48a620?auto=format&fit=crop&w=1200&q=80" alt="Tòa nhà hành chính với cờ trong nắng" loading="lazy"><figcaption>Hình ảnh minh họa được chọn theo đúng chủ đề của bài viết.</figcaption></figure><p>Theo các chuyên gia, yếu tố quan trọng nằm ở cách triển khai cụ thể: dữ liệu cần minh bạch, nguồn lực cần được phân bổ hợp lý và người dùng cuối phải được đặt ở trung tâm.</p><p>Trong thời gian tới, câu chuyện này sẽ còn tiếp tục được theo dõi khi chính sách, thị trường và thói quen người dùng thay đổi. Những mô hình làm tốt có thể trở thành kinh nghiệm cho các đơn vị khác.</p>', 12, 2, 'Thoáng.vn', 'Chính trị, Chính sách, Doanh nghiệp', 'https://images.unsplash.com/photo-1529107386315-e1a2ed48a620?auto=format&fit=crop&w=1200&q=80', 'Approved', 135, '2026-05-12 05:17:21', '2026-05-12 05:17:21', '2026-05-12 05:17:21'),
	(34, 'Khu công nghiệp xanh thu hút nhà đầu tư nhờ hạ tầng năng lượng sạch', 'Doanh nghiệp sản xuất quan tâm nhiều hơn đến điện tái tạo, xử lý nước và chứng chỉ môi trường trong chuỗi cung ứng.', '<p>Bài viết ghi nhận một chuyển động đáng chú ý trong lĩnh vực liên quan, với tác động trực tiếp đến người dân, doanh nghiệp hoặc cộng đồng sử dụng dịch vụ.</p><p>Điểm chung của xu hướng này là nhu cầu ra quyết định dựa trên thông tin rõ ràng hơn. Các bên tham gia không chỉ quan tâm kết quả trước mắt mà còn nhìn vào tính bền vững trong dài hạn.</p><figure class="article-inline-image"><img src="https://images.unsplash.com/photo-1497366754035-f200968a6e72?auto=format&fit=crop&w=1200&q=80" alt="Khu văn phòng và sản xuất hiện đại" loading="lazy"><figcaption>Hình ảnh minh họa được chọn theo đúng chủ đề của bài viết.</figcaption></figure><p>Theo các chuyên gia, yếu tố quan trọng nằm ở cách triển khai cụ thể: dữ liệu cần minh bạch, nguồn lực cần được phân bổ hợp lý và người dùng cuối phải được đặt ở trung tâm.</p><p>Trong thời gian tới, câu chuyện này sẽ còn tiếp tục được theo dõi khi chính sách, thị trường và thói quen người dùng thay đổi. Những mô hình làm tốt có thể trở thành kinh nghiệm cho các đơn vị khác.</p>', 20, 3, 'Thoáng.vn', 'Khu công nghiệp, Đầu tư, Sản xuất xanh', 'https://images.unsplash.com/photo-1497366754035-f200968a6e72?auto=format&fit=crop&w=1200&q=80', 'Approved', 152, '2026-05-13 05:17:21', '2026-05-13 05:17:21', '2026-05-13 05:17:21'),
	(35, 'Thị trường cà phê đặc sản mở rộng nhờ người tiêu dùng trẻ', 'Các quán rang xay tại chỗ giới thiệu nguồn gốc hạt, phương pháp pha và câu chuyện nông trại để tạo khác biệt.', '<p>Bài viết ghi nhận một chuyển động đáng chú ý trong lĩnh vực liên quan, với tác động trực tiếp đến người dân, doanh nghiệp hoặc cộng đồng sử dụng dịch vụ.</p><p>Điểm chung của xu hướng này là nhu cầu ra quyết định dựa trên thông tin rõ ràng hơn. Các bên tham gia không chỉ quan tâm kết quả trước mắt mà còn nhìn vào tính bền vững trong dài hạn.</p><figure class="article-inline-image"><img src="https://images.unsplash.com/photo-1495474472287-4d71bcdd2085?auto=format&fit=crop&w=1200&q=80" alt="Ly cà phê trên bàn gỗ" loading="lazy"><figcaption>Hình ảnh minh họa được chọn theo đúng chủ đề của bài viết.</figcaption></figure><p>Theo các chuyên gia, yếu tố quan trọng nằm ở cách triển khai cụ thể: dữ liệu cần minh bạch, nguồn lực cần được phân bổ hợp lý và người dùng cuối phải được đặt ở trung tâm.</p><p>Trong thời gian tới, câu chuyện này sẽ còn tiếp tục được theo dõi khi chính sách, thị trường và thói quen người dùng thay đổi. Những mô hình làm tốt có thể trở thành kinh nghiệm cho các đơn vị khác.</p>', 21, 2, 'Thoáng.vn', 'Cà phê, Thị trường, Tiêu dùng trẻ', 'https://images.unsplash.com/photo-1495474472287-4d71bcdd2085?auto=format&fit=crop&w=1200&q=80', 'Approved', 169, '2026-05-14 05:17:21', '2026-05-14 05:17:21', '2026-05-14 05:17:21'),
	(36, 'Trung tâm dữ liệu xanh giảm nhiệt bằng thiết kế tiết kiệm năng lượng', 'Doanh nghiệp công nghệ đầu tư hệ thống làm mát hiệu quả hơn để đáp ứng nhu cầu xử lý dữ liệu ngày càng lớn.', '<p>Bài viết ghi nhận một chuyển động đáng chú ý trong lĩnh vực liên quan, với tác động trực tiếp đến người dân, doanh nghiệp hoặc cộng đồng sử dụng dịch vụ.</p><p>Điểm chung của xu hướng này là nhu cầu ra quyết định dựa trên thông tin rõ ràng hơn. Các bên tham gia không chỉ quan tâm kết quả trước mắt mà còn nhìn vào tính bền vững trong dài hạn.</p><figure class="article-inline-image"><img src="https://images.unsplash.com/photo-1558494949-ef010cbdcc31?auto=format&fit=crop&w=1200&q=80" alt="Dãy máy chủ trong trung tâm dữ liệu" loading="lazy"><figcaption>Hình ảnh minh họa được chọn theo đúng chủ đề của bài viết.</figcaption></figure><p>Theo các chuyên gia, yếu tố quan trọng nằm ở cách triển khai cụ thể: dữ liệu cần minh bạch, nguồn lực cần được phân bổ hợp lý và người dùng cuối phải được đặt ở trung tâm.</p><p>Trong thời gian tới, câu chuyện này sẽ còn tiếp tục được theo dõi khi chính sách, thị trường và thói quen người dùng thay đổi. Những mô hình làm tốt có thể trở thành kinh nghiệm cho các đơn vị khác.</p>', 25, 2, 'Thoáng.vn', 'Trung tâm dữ liệu, AI, Năng lượng', 'https://images.unsplash.com/photo-1558494949-ef010cbdcc31?auto=format&fit=crop&w=1200&q=80', 'Approved', 186, '2026-05-15 05:17:21', '2026-05-15 05:17:21', '2026-05-15 05:17:21'),
	(37, 'Máy tính bảng quay lại lớp học nhờ nhu cầu ghi chú số', 'Sinh viên dùng thiết bị màn hình lớn để đọc tài liệu, ghi chú bài giảng và làm việc nhóm trong các dự án học tập.', '<p>Bài viết ghi nhận một chuyển động đáng chú ý trong lĩnh vực liên quan, với tác động trực tiếp đến người dân, doanh nghiệp hoặc cộng đồng sử dụng dịch vụ.</p><p>Điểm chung của xu hướng này là nhu cầu ra quyết định dựa trên thông tin rõ ràng hơn. Các bên tham gia không chỉ quan tâm kết quả trước mắt mà còn nhìn vào tính bền vững trong dài hạn.</p><figure class="article-inline-image"><img src="https://images.unsplash.com/photo-1544244015-0df4b3ffc6b0?auto=format&fit=crop&w=1200&q=80" alt="Máy tính bảng đặt trên bàn làm việc" loading="lazy"><figcaption>Hình ảnh minh họa được chọn theo đúng chủ đề của bài viết.</figcaption></figure><p>Theo các chuyên gia, yếu tố quan trọng nằm ở cách triển khai cụ thể: dữ liệu cần minh bạch, nguồn lực cần được phân bổ hợp lý và người dùng cuối phải được đặt ở trung tâm.</p><p>Trong thời gian tới, câu chuyện này sẽ còn tiếp tục được theo dõi khi chính sách, thị trường và thói quen người dùng thay đổi. Những mô hình làm tốt có thể trở thành kinh nghiệm cho các đơn vị khác.</p>', 26, 3, 'Thoáng.vn', 'Máy tính bảng, Học tập, Thiết bị số', 'https://images.unsplash.com/photo-1544244015-0df4b3ffc6b0?auto=format&fit=crop&w=1200&q=80', 'Approved', 208, '2026-05-16 05:17:21', '2026-05-30 06:05:29', '2026-05-16 05:17:21'),
	(38, 'Phụ huynh quan tâm kỹ năng an toàn mạng cho học sinh', 'Các buổi hướng dẫn tập trung vào mật khẩu, quyền riêng tư, nhận diện tin nhắn lừa đảo và ứng xử văn minh trên mạng.', '<p>Bài viết ghi nhận một chuyển động đáng chú ý trong lĩnh vực liên quan, với tác động trực tiếp đến người dân, doanh nghiệp hoặc cộng đồng sử dụng dịch vụ.</p><p>Điểm chung của xu hướng này là nhu cầu ra quyết định dựa trên thông tin rõ ràng hơn. Các bên tham gia không chỉ quan tâm kết quả trước mắt mà còn nhìn vào tính bền vững trong dài hạn.</p><figure class="article-inline-image"><img src="https://images.unsplash.com/photo-1516321318423-f06f85e504b3?auto=format&fit=crop&w=1200&q=80" alt="Học sinh sử dụng máy tính xách tay" loading="lazy"><figcaption>Hình ảnh minh họa được chọn theo đúng chủ đề của bài viết.</figcaption></figure><p>Theo các chuyên gia, yếu tố quan trọng nằm ở cách triển khai cụ thể: dữ liệu cần minh bạch, nguồn lực cần được phân bổ hợp lý và người dùng cuối phải được đặt ở trung tâm.</p><p>Trong thời gian tới, câu chuyện này sẽ còn tiếp tục được theo dõi khi chính sách, thị trường và thói quen người dùng thay đổi. Những mô hình làm tốt có thể trở thành kinh nghiệm cho các đơn vị khác.</p>', 27, 2, 'Thoáng.vn', 'An toàn mạng, Học sinh, Quyền riêng tư', 'https://images.unsplash.com/photo-1516321318423-f06f85e504b3?auto=format&fit=crop&w=1200&q=80', 'Approved', 221, '2026-05-17 05:17:21', '2026-05-30 06:35:57', '2026-05-17 05:17:21'),
	(39, 'Chợ phiên cuối tuần kết nối nông sản sạch với cư dân đô thị', 'Người tiêu dùng có thêm kênh mua thực phẩm rõ nguồn gốc, trong khi nông hộ tiếp cận trực tiếp khách hàng.', '<p>Bài viết ghi nhận một chuyển động đáng chú ý trong lĩnh vực liên quan, với tác động trực tiếp đến người dân, doanh nghiệp hoặc cộng đồng sử dụng dịch vụ.</p><p>Điểm chung của xu hướng này là nhu cầu ra quyết định dựa trên thông tin rõ ràng hơn. Các bên tham gia không chỉ quan tâm kết quả trước mắt mà còn nhìn vào tính bền vững trong dài hạn.</p><figure class="article-inline-image"><img src="https://images.unsplash.com/photo-1488459716781-31db52582fe9?auto=format&fit=crop&w=1200&q=80" alt="Quầy rau củ tại chợ nông sản" loading="lazy"><figcaption>Hình ảnh minh họa được chọn theo đúng chủ đề của bài viết.</figcaption></figure><p>Theo các chuyên gia, yếu tố quan trọng nằm ở cách triển khai cụ thể: dữ liệu cần minh bạch, nguồn lực cần được phân bổ hợp lý và người dùng cuối phải được đặt ở trung tâm.</p><p>Trong thời gian tới, câu chuyện này sẽ còn tiếp tục được theo dõi khi chính sách, thị trường và thói quen người dùng thay đổi. Những mô hình làm tốt có thể trở thành kinh nghiệm cho các đơn vị khác.</p>', 28, 2, 'Thoáng.vn', 'Gia đình, Nông sản sạch, Chợ phiên', 'https://images.unsplash.com/photo-1488459716781-31db52582fe9?auto=format&fit=crop&w=1200&q=80', 'Approved', 240, '2026-05-18 05:17:21', '2026-05-31 03:34:13', '2026-05-18 05:17:21'),
	(40, 'Chung cư cũ được cải tạo thành không gian sáng tạo cộng đồng', 'Một số khu nhà cũ thu hút quán cà phê, studio, lớp học nghệ thuật và cửa hàng thủ công nhờ chi phí hợp lý.', '<p>Bài viết ghi nhận một chuyển động đáng chú ý trong lĩnh vực liên quan, với tác động trực tiếp đến người dân, doanh nghiệp hoặc cộng đồng sử dụng dịch vụ.</p><p>Điểm chung của xu hướng này là nhu cầu ra quyết định dựa trên thông tin rõ ràng hơn. Các bên tham gia không chỉ quan tâm kết quả trước mắt mà còn nhìn vào tính bền vững trong dài hạn.</p><figure class="article-inline-image"><img src="https://images.unsplash.com/photo-1494526585095-c41746248156?auto=format&fit=crop&w=1200&q=80" alt="Không gian nhà ở được cải tạo sáng sủa" loading="lazy"><figcaption>Hình ảnh minh họa được chọn theo đúng chủ đề của bài viết.</figcaption></figure><p>Theo các chuyên gia, yếu tố quan trọng nằm ở cách triển khai cụ thể: dữ liệu cần minh bạch, nguồn lực cần được phân bổ hợp lý và người dùng cuối phải được đặt ở trung tâm.</p><p>Trong thời gian tới, câu chuyện này sẽ còn tiếp tục được theo dõi khi chính sách, thị trường và thói quen người dùng thay đổi. Những mô hình làm tốt có thể trở thành kinh nghiệm cho các đơn vị khác.</p>', 29, 3, 'Thoáng.vn', 'Đô thị, Cải tạo, Cộng đồng', 'https://images.unsplash.com/photo-1494526585095-c41746248156?auto=format&fit=crop&w=1200&q=80', 'Approved', 255, '2026-05-19 05:17:21', '2026-05-30 06:34:55', '2026-05-19 05:17:21'),
	(41, 'Thư viện trường học thiết kế lại để học sinh thích đọc hơn', 'Không gian mở, góc đọc nhóm và hoạt động giới thiệu sách giúp thư viện trở thành nơi học tập chủ động.', '<p>Bài viết ghi nhận một chuyển động đáng chú ý trong lĩnh vực liên quan, với tác động trực tiếp đến người dân, doanh nghiệp hoặc cộng đồng sử dụng dịch vụ.</p><p>Điểm chung của xu hướng này là nhu cầu ra quyết định dựa trên thông tin rõ ràng hơn. Các bên tham gia không chỉ quan tâm kết quả trước mắt mà còn nhìn vào tính bền vững trong dài hạn.</p><figure class="article-inline-image"><img src="https://images.unsplash.com/photo-1507842217343-583bb7270b66?auto=format&fit=crop&w=1200&q=80" alt="Không gian thư viện nhiều kệ sách" loading="lazy"><figcaption>Hình ảnh minh họa được chọn theo đúng chủ đề của bài viết.</figcaption></figure><p>Theo các chuyên gia, yếu tố quan trọng nằm ở cách triển khai cụ thể: dữ liệu cần minh bạch, nguồn lực cần được phân bổ hợp lý và người dùng cuối phải được đặt ở trung tâm.</p><p>Trong thời gian tới, câu chuyện này sẽ còn tiếp tục được theo dõi khi chính sách, thị trường và thói quen người dùng thay đổi. Những mô hình làm tốt có thể trở thành kinh nghiệm cho các đơn vị khác.</p>', 33, 2, 'Thoáng.vn', 'Học đường, Thư viện, Văn hóa đọc', 'https://images.unsplash.com/photo-1507842217343-583bb7270b66?auto=format&fit=crop&w=1200&q=80', 'Approved', 274, '2026-05-20 05:17:21', '2026-05-31 03:38:51', '2026-05-20 05:17:21'),
	(42, 'Lễ hội âm nhạc ngoài trời chú trọng trải nghiệm an toàn', 'Ban tổ chức bố trí khu y tế, lối thoát hiểm, điểm nước uống và hướng dẫn di chuyển để khán giả theo dõi thuận tiện.', '<p>Bài viết ghi nhận một chuyển động đáng chú ý trong lĩnh vực liên quan, với tác động trực tiếp đến người dân, doanh nghiệp hoặc cộng đồng sử dụng dịch vụ.</p><p>Điểm chung của xu hướng này là nhu cầu ra quyết định dựa trên thông tin rõ ràng hơn. Các bên tham gia không chỉ quan tâm kết quả trước mắt mà còn nhìn vào tính bền vững trong dài hạn.</p><figure class="article-inline-image"><img src="https://images.unsplash.com/photo-1501386761578-eac5c94b800a?auto=format&fit=crop&w=1200&q=80" alt="Sân khấu âm nhạc ngoài trời đông khán giả" loading="lazy"><figcaption>Hình ảnh minh họa được chọn theo đúng chủ đề của bài viết.</figcaption></figure><p>Theo các chuyên gia, yếu tố quan trọng nằm ở cách triển khai cụ thể: dữ liệu cần minh bạch, nguồn lực cần được phân bổ hợp lý và người dùng cuối phải được đặt ở trung tâm.</p><p>Trong thời gian tới, câu chuyện này sẽ còn tiếp tục được theo dõi khi chính sách, thị trường và thói quen người dùng thay đổi. Những mô hình làm tốt có thể trở thành kinh nghiệm cho các đơn vị khác.</p>', 36, 2, 'Thoáng.vn', 'Âm nhạc, Lễ hội, Sự kiện', 'https://images.unsplash.com/photo-1501386761578-eac5c94b800a?auto=format&fit=crop&w=1200&q=80', 'Approved', 288, '2026-05-21 05:17:21', '2026-05-21 05:17:21', '2026-05-21 05:17:21'),
	(43, 'Nhãn thực phẩm minh bạch giúp người tiêu dùng chọn sản phẩm lành mạnh', 'Việc đọc thành phần, lượng đường và khẩu phần khuyến nghị giúp người mua kiểm soát chế độ ăn tốt hơn.', '<p>Bài viết ghi nhận một chuyển động đáng chú ý trong lĩnh vực liên quan, với tác động trực tiếp đến người dân, doanh nghiệp hoặc cộng đồng sử dụng dịch vụ.</p><p>Điểm chung của xu hướng này là nhu cầu ra quyết định dựa trên thông tin rõ ràng hơn. Các bên tham gia không chỉ quan tâm kết quả trước mắt mà còn nhìn vào tính bền vững trong dài hạn.</p><figure class="article-inline-image"><img src="https://images.unsplash.com/photo-1498837167922-ddd27525d352?auto=format&fit=crop&w=1200&q=80" alt="Người chuẩn bị thực phẩm lành mạnh trong bếp" loading="lazy"><figcaption>Hình ảnh minh họa được chọn theo đúng chủ đề của bài viết.</figcaption></figure><p>Theo các chuyên gia, yếu tố quan trọng nằm ở cách triển khai cụ thể: dữ liệu cần minh bạch, nguồn lực cần được phân bổ hợp lý và người dùng cuối phải được đặt ở trung tâm.</p><p>Trong thời gian tới, câu chuyện này sẽ còn tiếp tục được theo dõi khi chính sách, thị trường và thói quen người dùng thay đổi. Những mô hình làm tốt có thể trở thành kinh nghiệm cho các đơn vị khác.</p>', 37, 3, 'Thoáng.vn', 'Dinh dưỡng, Thực phẩm, Người tiêu dùng', 'https://images.unsplash.com/photo-1498837167922-ddd27525d352?auto=format&fit=crop&w=1200&q=80', 'Approved', 310, '2026-05-29 18:17:21', '2026-05-31 03:31:55', '2026-05-29 18:17:21'),
	(44, 'Bệnh viện thử nghiệm kiosk tự phục vụ để giảm thời gian chờ', 'Người bệnh có thể xác nhận lịch hẹn, lấy số thứ tự và thanh toán một số chi phí cơ bản ngay tại sảnh.', '<p>Bài viết ghi nhận một chuyển động đáng chú ý trong lĩnh vực liên quan, với tác động trực tiếp đến người dân, doanh nghiệp hoặc cộng đồng sử dụng dịch vụ.</p><p>Điểm chung của xu hướng này là nhu cầu ra quyết định dựa trên thông tin rõ ràng hơn. Các bên tham gia không chỉ quan tâm kết quả trước mắt mà còn nhìn vào tính bền vững trong dài hạn.</p><figure class="article-inline-image"><img src="https://images.unsplash.com/photo-1586773860418-d37222d8fce3?auto=format&fit=crop&w=1200&q=80" alt="Hành lang bệnh viện sạch sáng" loading="lazy"><figcaption>Hình ảnh minh họa được chọn theo đúng chủ đề của bài viết.</figcaption></figure><p>Theo các chuyên gia, yếu tố quan trọng nằm ở cách triển khai cụ thể: dữ liệu cần minh bạch, nguồn lực cần được phân bổ hợp lý và người dùng cuối phải được đặt ở trung tâm.</p><p>Trong thời gian tới, câu chuyện này sẽ còn tiếp tục được theo dõi khi chính sách, thị trường và thói quen người dùng thay đổi. Những mô hình làm tốt có thể trở thành kinh nghiệm cho các đơn vị khác.</p>', 38, 2, 'Thoáng.vn', 'Y tế số, Bệnh viện, Tự phục vụ', 'https://images.unsplash.com/photo-1586773860418-d37222d8fce3?auto=format&fit=crop&w=1200&q=80', 'Approved', 65, '2026-05-29 20:17:21', '2026-05-30 09:08:17', '2026-05-29 20:17:21'),
	(45, 'Tour xe đạp khám phá vùng quê được khách trẻ yêu thích', 'Lịch trình chậm, gần thiên nhiên và tương tác với người dân địa phương tạo cảm giác khác biệt so với tour truyền thống.', '<p>Bài viết ghi nhận một chuyển động đáng chú ý trong lĩnh vực liên quan, với tác động trực tiếp đến người dân, doanh nghiệp hoặc cộng đồng sử dụng dịch vụ.</p><p>Điểm chung của xu hướng này là nhu cầu ra quyết định dựa trên thông tin rõ ràng hơn. Các bên tham gia không chỉ quan tâm kết quả trước mắt mà còn nhìn vào tính bền vững trong dài hạn.</p><figure class="article-inline-image"><img src="https://images.unsplash.com/photo-1485965120184-e220f721d03e?auto=format&fit=crop&w=1200&q=80" alt="Xe đạp trên cung đường thiên nhiên" loading="lazy"><figcaption>Hình ảnh minh họa được chọn theo đúng chủ đề của bài viết.</figcaption></figure><p>Theo các chuyên gia, yếu tố quan trọng nằm ở cách triển khai cụ thể: dữ liệu cần minh bạch, nguồn lực cần được phân bổ hợp lý và người dùng cuối phải được đặt ở trung tâm.</p><p>Trong thời gian tới, câu chuyện này sẽ còn tiếp tục được theo dõi khi chính sách, thị trường và thói quen người dùng thay đổi. Những mô hình làm tốt có thể trở thành kinh nghiệm cho các đơn vị khác.</p>', 40, 2, 'Thoáng.vn', 'Du lịch trong nước, Xe đạp, Trải nghiệm', 'https://images.unsplash.com/photo-1485965120184-e220f721d03e?auto=format&fit=crop&w=1200&q=80', 'Approved', 88, '2026-05-29 22:17:21', '2026-05-31 03:36:54', '2026-05-29 22:17:21'),
	(46, 'Du khách lên kế hoạch du lịch mùa thu sớm để tối ưu chi phí', 'Việc đặt vé, khách sạn và lịch tham quan trước giúp nhóm gia đình chủ động hơn trước mùa cao điểm.', '<p>Bài viết ghi nhận một chuyển động đáng chú ý trong lĩnh vực liên quan, với tác động trực tiếp đến người dân, doanh nghiệp hoặc cộng đồng sử dụng dịch vụ.</p><p>Điểm chung của xu hướng này là nhu cầu ra quyết định dựa trên thông tin rõ ràng hơn. Các bên tham gia không chỉ quan tâm kết quả trước mắt mà còn nhìn vào tính bền vững trong dài hạn.</p><figure class="article-inline-image"><img src="https://images.unsplash.com/photo-1507525428034-b723cf961d3e?auto=format&fit=crop&w=1200&q=80" alt="Bãi biển xanh trong ngày nắng" loading="lazy"><figcaption>Hình ảnh minh họa được chọn theo đúng chủ đề của bài viết.</figcaption></figure><p>Theo các chuyên gia, yếu tố quan trọng nằm ở cách triển khai cụ thể: dữ liệu cần minh bạch, nguồn lực cần được phân bổ hợp lý và người dùng cuối phải được đặt ở trung tâm.</p><p>Trong thời gian tới, câu chuyện này sẽ còn tiếp tục được theo dõi khi chính sách, thị trường và thói quen người dùng thay đổi. Những mô hình làm tốt có thể trở thành kinh nghiệm cho các đơn vị khác.</p>', 41, 3, 'Thoáng.vn', 'Du lịch quốc tế, Kế hoạch, Chi phí', 'https://images.unsplash.com/photo-1507525428034-b723cf961d3e?auto=format&fit=crop&w=1200&q=80', 'Approved', 107, '2026-05-30 00:17:21', '2026-05-31 10:09:05', '2026-05-30 00:17:21'),
	(47, 'Món ăn địa phương được kể lại bằng câu chuyện nguyên liệu', 'Các đầu bếp trẻ kết hợp kỹ thuật hiện đại với sản vật vùng miền để tạo trải nghiệm ẩm thực có chiều sâu.', '<p>Bài viết ghi nhận một chuyển động đáng chú ý trong lĩnh vực liên quan, với tác động trực tiếp đến người dân, doanh nghiệp hoặc cộng đồng sử dụng dịch vụ.</p><p>Điểm chung của xu hướng này là nhu cầu ra quyết định dựa trên thông tin rõ ràng hơn. Các bên tham gia không chỉ quan tâm kết quả trước mắt mà còn nhìn vào tính bền vững trong dài hạn.</p><figure class="article-inline-image"><img src="https://images.unsplash.com/photo-1555939594-58d7cb561ad1?auto=format&fit=crop&w=1200&q=80" alt="Đĩa món ăn được trình bày đẹp" loading="lazy"><figcaption>Hình ảnh minh họa được chọn theo đúng chủ đề của bài viết.</figcaption></figure><p>Theo các chuyên gia, yếu tố quan trọng nằm ở cách triển khai cụ thể: dữ liệu cần minh bạch, nguồn lực cần được phân bổ hợp lý và người dùng cuối phải được đặt ở trung tâm.</p><p>Trong thời gian tới, câu chuyện này sẽ còn tiếp tục được theo dõi khi chính sách, thị trường và thói quen người dùng thay đổi. Những mô hình làm tốt có thể trở thành kinh nghiệm cho các đơn vị khác.</p>', 42, 2, 'Thoáng.vn', 'Ẩm thực, Nguyên liệu địa phương, Đầu bếp trẻ', 'https://images.unsplash.com/photo-1555939594-58d7cb561ad1?auto=format&fit=crop&w=1200&q=80', 'Approved', 151, '2026-05-30 02:17:21', '2026-05-31 13:29:46', '2026-05-30 02:17:21'),
	(48, 'Cộng đồng tình nguyện dùng bản đồ số để hỗ trợ người gặp khó khăn', 'Các nhóm thiện nguyện cập nhật điểm phát cơm, tủ đồ miễn phí và địa chỉ hỗ trợ khẩn cấp trên nền tảng trực tuyến.', '<p>Bài viết ghi nhận một chuyển động đáng chú ý trong lĩnh vực liên quan, với tác động trực tiếp đến người dân, doanh nghiệp hoặc cộng đồng sử dụng dịch vụ.</p><p>Điểm chung của xu hướng này là nhu cầu ra quyết định dựa trên thông tin rõ ràng hơn. Các bên tham gia không chỉ quan tâm kết quả trước mắt mà còn nhìn vào tính bền vững trong dài hạn.</p><figure class="article-inline-image"><img src="https://images.unsplash.com/photo-1559027615-cd4628902d4a?auto=format&fit=crop&w=1200&q=80" alt="Nhóm tình nguyện viên chuẩn bị đồ hỗ trợ" loading="lazy"><figcaption>Hình ảnh minh họa được chọn theo đúng chủ đề của bài viết.</figcaption></figure><p>Theo các chuyên gia, yếu tố quan trọng nằm ở cách triển khai cụ thể: dữ liệu cần minh bạch, nguồn lực cần được phân bổ hợp lý và người dùng cuối phải được đặt ở trung tâm.</p><p>Trong thời gian tới, câu chuyện này sẽ còn tiếp tục được theo dõi khi chính sách, thị trường và thói quen người dùng thay đổi. Những mô hình làm tốt có thể trở thành kinh nghiệm cho các đơn vị khác.</p>', 11, 2, 'Thoáng.vn', 'Cộng đồng, Bản đồ số, Tình nguyện', 'https://images.unsplash.com/photo-1559027615-cd4628902d4a?auto=format&fit=crop&w=1200&q=80', 'request', 131, '2026-05-30 03:17:21', '2026-05-30 05:27:36', NULL),
	(49, 'Quy hoạch không gian xanh giúp thành phố thích ứng nắng nóng', 'Cây xanh, mặt nước và vật liệu lát đường phù hợp có thể giảm nhiệt đô thị và cải thiện chất lượng sống.', '<p>Bài viết ghi nhận một chuyển động đáng chú ý trong lĩnh vực liên quan, với tác động trực tiếp đến người dân, doanh nghiệp hoặc cộng đồng sử dụng dịch vụ.</p><p>Điểm chung của xu hướng này là nhu cầu ra quyết định dựa trên thông tin rõ ràng hơn. Các bên tham gia không chỉ quan tâm kết quả trước mắt mà còn nhìn vào tính bền vững trong dài hạn.</p><figure class="article-inline-image"><img src="https://images.unsplash.com/photo-1449824913935-59a10b8d2000?auto=format&fit=crop&w=1200&q=80" alt="Đường phố có nhiều cây xanh" loading="lazy"><figcaption>Hình ảnh minh họa được chọn theo đúng chủ đề của bài viết.</figcaption></figure><p>Theo các chuyên gia, yếu tố quan trọng nằm ở cách triển khai cụ thể: dữ liệu cần minh bạch, nguồn lực cần được phân bổ hợp lý và người dùng cuối phải được đặt ở trung tâm.</p><p>Trong thời gian tới, câu chuyện này sẽ còn tiếp tục được theo dõi khi chính sách, thị trường và thói quen người dùng thay đổi. Những mô hình làm tốt có thể trở thành kinh nghiệm cho các đơn vị khác.</p>', 29, 3, 'Thoáng.vn', 'Đô thị, Không gian xanh, Nắng nóng', 'https://images.unsplash.com/photo-1449824913935-59a10b8d2000?auto=format&fit=crop&w=1200&q=80', 'request', 150, '2026-05-30 04:32:21', '2026-05-30 07:54:11', NULL),
	(50, 'Podcast giáo dục giúp người đi làm học kỹ năng trong lúc di chuyển', 'Nội dung âm thanh ngắn về quản lý thời gian, ngoại ngữ và tài chính cá nhân phù hợp với lịch trình bận rộn.', '<p>Bài viết ghi nhận một chuyển động đáng chú ý trong lĩnh vực liên quan, với tác động trực tiếp đến người dân, doanh nghiệp hoặc cộng đồng sử dụng dịch vụ.</p><p>Điểm chung của xu hướng này là nhu cầu ra quyết định dựa trên thông tin rõ ràng hơn. Các bên tham gia không chỉ quan tâm kết quả trước mắt mà còn nhìn vào tính bền vững trong dài hạn.</p><figure class="article-inline-image"><img src="https://images.unsplash.com/photo-1478737270239-2f02b77fc618?auto=format&fit=crop&w=1200&q=80" alt="Micro thu âm podcast trong phòng studio" loading="lazy"><figcaption>Hình ảnh minh họa được chọn theo đúng chủ đề của bài viết.</figcaption></figure><p>Theo các chuyên gia, yếu tố quan trọng nằm ở cách triển khai cụ thể: dữ liệu cần minh bạch, nguồn lực cần được phân bổ hợp lý và người dùng cuối phải được đặt ở trung tâm.</p><p>Trong thời gian tới, câu chuyện này sẽ còn tiếp tục được theo dõi khi chính sách, thị trường và thói quen người dùng thay đổi. Những mô hình làm tốt có thể trở thành kinh nghiệm cho các đơn vị khác.</p>', 32, 2, 'Thoáng.vn', 'Kỹ năng, Podcast, Học suốt đời', 'https://images.unsplash.com/photo-1478737270239-2f02b77fc618?auto=format&fit=crop&w=1200&q=80', 'Approved', 271, '2026-05-30 05:02:21', '2026-05-31 13:45:54', '2026-05-30 05:02:21'),
	(51, 'ádkasdkas', 'chạy nhanh', 'chạy đi chờ chi\n\n<figure class="article-inline-image"><img src="uploads/articles/article_2_1780129930_9b591068.jpg" alt="đồng hồ siêu rẻ" loading="lazy"><figcaption>đồng hồ siêu rẻ</figcaption></figure>', 13, 2, 'Minh Anh - Ban biên tập', 'Làm việc, Khác', 'uploads/articles/article_2_1780129933_ed27fca0.png', 'Approved', 7, '2026-05-30 08:32:14', '2026-05-31 14:23:40', '2026-05-31 14:15:19');

-- Dumping structure for table thoang_vn.bookmarks
CREATE TABLE IF NOT EXISTS `bookmarks` (
  `id` int NOT NULL AUTO_INCREMENT,
  `article_id` int NOT NULL,
  `session_id` varchar(255) COLLATE utf8mb4_unicode_ci NOT NULL,
  `user_id` int DEFAULT NULL,
  `created_at` timestamp NOT NULL DEFAULT CURRENT_TIMESTAMP,
  PRIMARY KEY (`id`),
  UNIQUE KEY `uk_session_article` (`session_id`,`article_id`),
  KEY `idx_bookmarks_article` (`article_id`),
  KEY `fk_bookmarks_users` (`user_id`),
  CONSTRAINT `fk_bookmarks_articles` FOREIGN KEY (`article_id`) REFERENCES `articles` (`id`) ON DELETE CASCADE ON UPDATE CASCADE,
  CONSTRAINT `fk_bookmarks_users` FOREIGN KEY (`user_id`) REFERENCES `users` (`id`) ON DELETE CASCADE ON UPDATE CASCADE
) ENGINE=InnoDB AUTO_INCREMENT=30 DEFAULT CHARSET=utf8mb4 COLLATE=utf8mb4_unicode_ci;

-- Dumping data for table thoang_vn.bookmarks: ~12 rows (approximately)
DELETE FROM `bookmarks`;
INSERT INTO `bookmarks` (`id`, `article_id`, `session_id`, `user_id`, `created_at`) VALUES
	(1, 1, 'sample-session-a', NULL, '2026-05-21 05:17:22'),
	(2, 14, 'sample-session-a', NULL, '2026-05-22 05:17:22'),
	(3, 31, 'sample-session-a', NULL, '2026-05-23 05:17:22'),
	(4, 8, 'nvga893bks2poqu3rpuahvivco', 4, '2026-05-24 05:17:22'),
	(5, 22, 'nvga893bks2poqu3rpuahvivco', 4, '2026-05-25 05:17:22'),
	(12, 50, 'nvga893bks2poqu3rpuahvivco', 4, '2026-05-30 06:18:44'),
	(13, 49, 'nvga893bks2poqu3rpuahvivco', 4, '2026-05-30 06:18:47'),
	(16, 47, 'nvga893bks2poqu3rpuahvivco', 4, '2026-05-30 07:53:13'),
	(17, 50, 'egua8nfffvd2251agm5gpiut08', 1, '2026-05-30 08:30:50'),
	(18, 47, 'egua8nfffvd2251agm5gpiut08', 1, '2026-05-30 08:30:53'),
	(20, 50, 'g5l1cnni237o53nl4o4m359959', 2, '2026-05-30 08:57:19'),
	(21, 45, 'nvga893bks2poqu3rpuahvivco', 4, '2026-05-31 04:03:05'),
	(22, 44, 'nvga893bks2poqu3rpuahvivco', 4, '2026-05-31 04:03:07'),
	(23, 41, 'nvga893bks2poqu3rpuahvivco', 4, '2026-05-31 04:03:10'),
	(24, 39, 'nvga893bks2poqu3rpuahvivco', 4, '2026-05-31 04:03:13'),
	(26, 42, 'nvga893bks2poqu3rpuahvivco', 4, '2026-05-31 13:36:52'),
	(29, 42, 'egua8nfffvd2251agm5gpiut08', 1, '2026-05-31 14:18:11');

-- Dumping structure for table thoang_vn.categories
CREATE TABLE IF NOT EXISTS `categories` (
  `id` int NOT NULL AUTO_INCREMENT,
  `name` varchar(100) COLLATE utf8mb4_unicode_ci NOT NULL,
  `slug` varchar(100) COLLATE utf8mb4_unicode_ci NOT NULL,
  `parent_id` int DEFAULT NULL,
  `sort_order` int NOT NULL DEFAULT '0',
  `is_active` tinyint(1) NOT NULL DEFAULT '1',
  `color_bg` varchar(20) COLLATE utf8mb4_unicode_ci DEFAULT '#EEEDFE',
  `color_text` varchar(20) COLLATE utf8mb4_unicode_ci DEFAULT '#534AB7',
  PRIMARY KEY (`id`),
  UNIQUE KEY `slug` (`slug`),
  KEY `idx_categories_parent` (`parent_id`),
  KEY `idx_categories_active_order` (`is_active`,`sort_order`),
  CONSTRAINT `fk_categories_parent` FOREIGN KEY (`parent_id`) REFERENCES `categories` (`id`) ON DELETE SET NULL ON UPDATE CASCADE
) ENGINE=InnoDB AUTO_INCREMENT=45 DEFAULT CHARSET=utf8mb4 COLLATE=utf8mb4_unicode_ci;

-- Dumping data for table thoang_vn.categories: ~42 rows (approximately)
DELETE FROM `categories`;
INSERT INTO `categories` (`id`, `name`, `slug`, `parent_id`, `sort_order`, `is_active`, `color_bg`, `color_text`) VALUES
	(1, 'Chính trị', 'politics', NULL, 1, 1, '#EAF1FF', '#2f5fa8'),
	(2, 'Thế giới', 'world', NULL, 2, 1, '#D1ECF1', '#0c5460'),
	(3, 'Kinh tế', 'biz', NULL, 3, 1, '#FFF3CD', '#856404'),
	(4, 'Thể thao', 'sport', NULL, 4, 1, '#F8D7DA', '#721c24'),
	(5, 'Công nghệ', 'tech', NULL, 5, 1, '#EEEDFE', '#534AB7'),
	(6, 'Đời sống', 'life', NULL, 6, 1, '#D4EDDA', '#155724'),
	(7, 'Giáo dục', 'edu', NULL, 7, 1, '#E2E3E5', '#383d41'),
	(8, 'Văn hóa', 'culture', NULL, 8, 1, '#FDECEF', '#9f1239'),
	(9, 'Sức khỏe', 'health', NULL, 9, 1, '#DCFCE7', '#166534'),
	(10, 'Du lịch', 'travel', NULL, 10, 1, '#E0F2FE', '#075985'),
	(11, 'Khác', 'other', NULL, 11, 1, '#E5E7EB', '#374151'),
	(12, 'Sự kiện', 'su-kien', 1, 1, 1, '#EAF1FF', '#2f5fa8'),
	(13, 'Xây dựng Đảng', 'xay-dung-dang', 1, 2, 1, '#EAF1FF', '#2f5fa8'),
	(14, 'Đối ngoại', 'doi-ngoai', 1, 3, 1, '#EAF1FF', '#2f5fa8'),
	(15, 'Quốc phòng', 'quoc-phong', 1, 4, 1, '#EAF1FF', '#2f5fa8'),
	(16, 'Châu Á', 'chau-a', 2, 1, 1, '#D1ECF1', '#0c5460'),
	(17, 'Châu Âu', 'chau-au', 2, 2, 1, '#D1ECF1', '#0c5460'),
	(18, 'Châu Mỹ', 'chau-my', 2, 3, 1, '#D1ECF1', '#0c5460'),
	(19, 'Tài chính', 'tai-chinh', 3, 1, 1, '#FFF3CD', '#856404'),
	(20, 'Doanh nghiệp', 'doanh-nghiep', 3, 2, 1, '#FFF3CD', '#856404'),
	(21, 'Thị trường', 'thi-truong', 3, 3, 1, '#FFF3CD', '#856404'),
	(22, 'Bóng đá', 'bong-da', 4, 1, 1, '#F8D7DA', '#721c24'),
	(23, 'Chạy bộ', 'chay-bo', 4, 2, 1, '#F8D7DA', '#721c24'),
	(24, 'Thể thao quốc tế', 'the-thao-quoc-te', 4, 3, 1, '#F8D7DA', '#721c24'),
	(25, 'AI', 'ai', 5, 1, 1, '#EEEDFE', '#534AB7'),
	(26, 'Thiết bị số', 'thiet-bi-so', 5, 2, 1, '#EEEDFE', '#534AB7'),
	(27, 'An toàn thông tin', 'an-toan-thong-tin', 5, 3, 1, '#EEEDFE', '#534AB7'),
	(28, 'Gia đình', 'gia-dinh', 6, 1, 1, '#D4EDDA', '#155724'),
	(29, 'Đô thị', 'do-thi', 6, 2, 1, '#D4EDDA', '#155724'),
	(30, 'Làm đẹp', 'lam-dep', 6, 3, 1, '#D4EDDA', '#155724'),
	(31, 'Tuyển sinh', 'tuyen-sinh', 7, 1, 1, '#E2E3E5', '#383d41'),
	(32, 'Kỹ năng', 'ky-nang', 7, 2, 1, '#E2E3E5', '#383d41'),
	(33, 'Học đường', 'hoc-duong', 7, 3, 1, '#E2E3E5', '#383d41'),
	(34, 'Điện ảnh', 'dien-anh', 8, 1, 1, '#FDECEF', '#9f1239'),
	(35, 'Sách', 'sach', 8, 2, 1, '#FDECEF', '#9f1239'),
	(36, 'Âm nhạc', 'am-nhac', 8, 3, 1, '#FDECEF', '#9f1239'),
	(37, 'Dinh dưỡng', 'dinh-duong', 9, 1, 1, '#DCFCE7', '#166534'),
	(38, 'Y tế số', 'y-te-so', 9, 2, 1, '#DCFCE7', '#166534'),
	(39, 'Tập luyện', 'tap-luyen', 9, 3, 1, '#DCFCE7', '#166534'),
	(40, 'Trong nước', 'du-lich-trong-nuoc', 10, 1, 1, '#E0F2FE', '#075985'),
	(41, 'Quốc tế', 'du-lich-quoc-te', 10, 2, 1, '#E0F2FE', '#075985'),
	(42, 'Ẩm thực', 'am-thuc', 10, 3, 1, '#E0F2FE', '#075985'),
	(44, 'hi', 'hi', 1, 1, 1, '#EEEDFE', '#534AB7');

-- Dumping structure for table thoang_vn.comments
CREATE TABLE IF NOT EXISTS `comments` (
  `id` int NOT NULL AUTO_INCREMENT,
  `article_id` int NOT NULL,
  `user_id` int NOT NULL,
  `content` text COLLATE utf8mb4_unicode_ci NOT NULL,
  `created_at` timestamp NOT NULL DEFAULT CURRENT_TIMESTAMP,
  PRIMARY KEY (`id`),
  KEY `idx_comments_article` (`article_id`,`created_at`),
  KEY `idx_comments_user` (`user_id`),
  CONSTRAINT `fk_comments_articles` FOREIGN KEY (`article_id`) REFERENCES `articles` (`id`) ON DELETE CASCADE ON UPDATE CASCADE,
  CONSTRAINT `fk_comments_users` FOREIGN KEY (`user_id`) REFERENCES `users` (`id`) ON DELETE CASCADE ON UPDATE CASCADE
) ENGINE=InnoDB AUTO_INCREMENT=22 DEFAULT CHARSET=utf8mb4 COLLATE=utf8mb4_unicode_ci;

-- Dumping data for table thoang_vn.comments: ~9 rows (approximately)
DELETE FROM `comments`;
INSERT INTO `comments` (`id`, `article_id`, `user_id`, `content`, `created_at`) VALUES
	(1, 1, 4, 'Bài viết giải thích dễ hiểu, phần liên thông dữ liệu công rất sát nhu cầu thực tế.', '2026-05-22 05:17:22'),
	(3, 11, 4, 'Bóng đá trẻ cần thêm thời gian thi đấu thật, hy vọng các câu lạc bộ duy trì hướng này.', '2026-05-24 05:17:22'),
	(5, 25, 4, 'Hội sách cuối tuần là chủ đề hay, ảnh minh họa rất hợp không khí bài viết.', '2026-05-26 05:17:22'),
	(7, 40, 4, 'Bài về thư viện trường học gợi ý khá thiết thực cho học sinh.', '2026-05-28 05:17:22'),
	(9, 50, 1, 'Mình là bạn Nghĩa, mình hài lòng', '2026-05-30 06:16:29'),
	(10, 50, 2, 'Bài viết rất cháy', '2026-05-30 08:23:08'),
	(11, 2, 4, 'ok nha', '2026-05-30 08:36:43'),
	(12, 45, 1, 'Bài này rất hay và mang ý nghĩa nhân văn', '2026-05-30 08:59:21'),
	(13, 22, 1, 'đây là bình luận đầu tiên', '2026-05-30 09:03:33'),
	(14, 47, 1, 'dfghjkl', '2026-05-30 09:08:02'),
	(15, 43, 1, 'bạn ơi', '2026-05-31 03:31:55'),
	(16, 50, 2, 'admin cho mình hỏi về nhóm 6 được không', '2026-05-31 04:17:36'),
	(17, 50, 2, 'bạn ơi', '2026-05-31 04:25:19'),
	(18, 50, 2, 'b', '2026-05-31 04:25:28'),
	(19, 50, 2, 'xin chào', '2026-05-31 13:34:41'),
	(21, 7, 1, 'hi', '2026-05-31 14:20:28');

-- Dumping structure for table thoang_vn.feedback
CREATE TABLE IF NOT EXISTS `feedback` (
  `id` int NOT NULL AUTO_INCREMENT,
  `user_id` int DEFAULT NULL,
  `sender_email` varchar(100) COLLATE utf8mb4_unicode_ci NOT NULL,
  `subject` varchar(200) COLLATE utf8mb4_unicode_ci NOT NULL,
  `message` text COLLATE utf8mb4_unicode_ci NOT NULL,
  `status` enum('pending','replied','done') COLLATE utf8mb4_unicode_ci DEFAULT 'pending',
  `admin_reply` text COLLATE utf8mb4_unicode_ci,
  `created_at` timestamp NOT NULL DEFAULT CURRENT_TIMESTAMP,
  `replied_at` timestamp NULL DEFAULT NULL,
  PRIMARY KEY (`id`),
  KEY `idx_feedback_user` (`user_id`),
  CONSTRAINT `fk_feedback_users` FOREIGN KEY (`user_id`) REFERENCES `users` (`id`) ON DELETE SET NULL ON UPDATE CASCADE
) ENGINE=InnoDB AUTO_INCREMENT=3 DEFAULT CHARSET=utf8mb4 COLLATE=utf8mb4_unicode_ci;

-- Dumping data for table thoang_vn.feedback: ~2 rows (approximately)
DELETE FROM `feedback`;
INSERT INTO `feedback` (`id`, `user_id`, `sender_email`, `subject`, `message`, `status`, `admin_reply`, `created_at`, `replied_at`) VALUES
	(1, 4, 'user@thoang.vn', 'Góp ý danh mục', 'Menu danh mục có dropdown dễ xem hơn, mong thêm nhiều bài về công nghệ.', 'replied', 'Cảm ơn bạn, ban biên tập sẽ cập nhật thêm nội dung công nghệ mỗi tuần.', '2026-05-25 05:17:23', '2026-05-28 05:17:23'),
	(2, NULL, 'reader@thoang.vn', 'Góp ý hình ảnh', 'Ảnh minh họa bài viết khá hợp nội dung, trang tải nhanh.', 'done', 'Cám ơn bạn đã góp ý', '2026-05-29 05:17:23', '2026-05-30 08:59:56');

-- Dumping structure for table thoang_vn.users
CREATE TABLE IF NOT EXISTS `users` (
  `id` int NOT NULL AUTO_INCREMENT,
  `username` varchar(50) COLLATE utf8mb4_unicode_ci NOT NULL,
  `email` varchar(100) COLLATE utf8mb4_unicode_ci NOT NULL,
  `password` varchar(255) COLLATE utf8mb4_unicode_ci NOT NULL,
  `full_name` varchar(100) COLLATE utf8mb4_unicode_ci DEFAULT '',
  `avatar` varchar(120) COLLATE utf8mb4_unicode_ci DEFAULT 'images/avatars/avatar-01.svg',
  `role` enum('admin','writer','user') COLLATE utf8mb4_unicode_ci DEFAULT 'user',
  `is_verified` tinyint(1) NOT NULL DEFAULT '0',
  `verify_token` varchar(255) COLLATE utf8mb4_unicode_ci DEFAULT NULL,
  `reset_token` varchar(255) COLLATE utf8mb4_unicode_ci DEFAULT NULL,
  `reset_expires` datetime DEFAULT NULL,
  `theme_preference` enum('light','dark') COLLATE utf8mb4_unicode_ci NOT NULL DEFAULT 'light',
  `article_font_size` tinyint unsigned NOT NULL DEFAULT '16',
  `created_at` timestamp NULL DEFAULT CURRENT_TIMESTAMP,
  PRIMARY KEY (`id`),
  UNIQUE KEY `username` (`username`),
  UNIQUE KEY `email` (`email`)
) ENGINE=InnoDB AUTO_INCREMENT=8 DEFAULT CHARSET=utf8mb4 COLLATE=utf8mb4_unicode_ci;

-- Dumping data for table thoang_vn.users: ~4 rows (approximately)
DELETE FROM `users`;
INSERT INTO `users` (`id`, `username`, `email`, `password`, `full_name`, `avatar`, `role`, `is_verified`, `verify_token`, `reset_token`, `reset_expires`, `theme_preference`, `article_font_size`, `created_at`) VALUES
	(1, 'admin123', 'admin123@gmail.com', '$2y$10$f9pyPPo9Mxh1YBGyttz8F.vuuxh/g9cCmp/dEg36YoEIz6ap3h75.', 'Quản trị viên', 'images/avatars/avatar-07.svg', 'admin', 1, NULL, NULL, NULL, 'light', 14, '2026-05-30 05:17:20'),
	(2, 'NghiaHua123', 'NghiaHua123@gmail.com', '$2y$10$Aysu1zhTrwiP5eqyPhW6wukeCyUBRgbwa76erLXtq7FQ65EWbmE1a', 'Ronaldo', 'images/avatars/avatar-16.svg', 'writer', 1, NULL, NULL, NULL, 'light', 22, '2026-05-30 05:17:20'),
	(3, 'writer02', 'writer2@thoang.vn', '$2y$10$Jop12xzbuAPxGhyldwVDgeJmTBx4ZGQsGIdgbhEDGIHrgFVMgx1lW', 'Hoàng Nam - Phóng viên', 'images/avatars/avatar-01.svg', 'writer', 1, NULL, NULL, NULL, 'dark', 22, '2026-05-30 05:17:20'),
	(4, 'user01', 'user@thoang.vn', '$2y$10$J6s2YBNLZ5uB6N.i1wDr4OeFq.AcTo2Yqod9Q69OUouJV1mssEpne', 'Người đọc mẫu', 'images/avatars/avatar-15.svg', 'user', 1, NULL, NULL, NULL, 'light', 22, '2026-05-30 05:17:20'),
	(6, 'nghia01', 'huanghia21222005@gmail.com', '$2y$10$4nV/em5s4BYs27Uka10Pbec93GBz53LOacYGO8jDkkcp8Uw/Py4cW', 'Nghĩa Hứa', 'images/avatars/avatar-01.svg', 'user', 0, '229716590f55252f3ab632060b74164d7a580aa57cb811bdddbab992eaac27b2', NULL, NULL, 'light', 16, '2026-05-31 13:26:26'),
	(7, 'nghia2k5', 'nghixa021@gmail.com', '$2y$10$YUyTWkuT7IRQVO6NrIjIfet/YDdM/fQnImDNw7y4w.CWLMnUD5NiW', 'Nghĩa', 'images/avatars/avatar-01.svg', 'user', 0, 'ab8b204305edb74e00fc020c5e8de71f8ea08362aca03185574d88b230be45d3', NULL, NULL, 'light', 16, '2026-05-31 13:27:58');

/*!40103 SET TIME_ZONE=IFNULL(@OLD_TIME_ZONE, 'system') */;
/*!40101 SET SQL_MODE=IFNULL(@OLD_SQL_MODE, '') */;
/*!40014 SET FOREIGN_KEY_CHECKS=IFNULL(@OLD_FOREIGN_KEY_CHECKS, 1) */;
/*!40101 SET CHARACTER_SET_CLIENT=@OLD_CHARACTER_SET_CLIENT */;
/*!40111 SET SQL_NOTES=IFNULL(@OLD_SQL_NOTES, 1) */;
